{
    "values": [
        {
            "engines": {
                "cpython": {
                    "max": 0.327213048935, 
                    "mean": 0.28833793401710006, 
                    "min": 0.269256830215
                }, 
                "d8+pypy": {
                    "max": 2.49300003052, 
                    "mean": 0.29334998130821, 
                    "min": 0.0450000762939
                }, 
                "d8+pypy-nojit": {
                    "max": 2.06999993324, 
                    "mean": 1.9015999913204997, 
                    "min": 1.80400013924
                }, 
                "js+pypy": {
                    "max": 0.765000104904, 
                    "mean": 0.13644999265669003, 
                    "min": 0.0679998397827
                }, 
                "js+pypy-nojit": {
                    "max": 0.845999956131, 
                    "mean": 0.7628000020981001, 
                    "min": 0.729000091553
                }, 
                "pypy": {
                    "max": 0.180697917938, 
                    "mean": 0.017188549041740494, 
                    "min": 0.0068199634552
                }, 
                "pypy-nojit": {
                    "max": 0.491744995117, 
                    "mean": 0.41930787563315003, 
                    "min": 0.392522096634
                }
            }, 
            "machine": "922174a8388e0a2f", 
            "platform": "darwin", 
            "timestamp": "20150202005200"
        }, 
        {
            "engines": {
                "cpython": {
                    "max": 0.322488069534, 
                    "mean": 0.29071667194355, 
                    "min": 0.269300937653
                }, 
                "d8+pypy": {
                    "max": 4.18000006676, 
                    "mean": 0.543849992752215, 
                    "min": 0.0379998683929
                }, 
                "d8+pypy-nojit": {
                    "max": 1.94600009918, 
                    "mean": 1.861100006104, 
                    "min": 1.7990000248
                }, 
                "js+pypy": {
                    "max": 1.07800006866, 
                    "mean": 0.15900000333787007, 
                    "min": 0.0610001087189
                }, 
                "js+pypy-nojit": {
                    "max": 0.822000026703, 
                    "mean": 0.7529500007629499, 
                    "min": 0.719999790192
                }, 
                "pypy": {
                    "max": 0.154567956924, 
                    "mean": 0.017143249511733495, 
                    "min": 0.00676417350769
                }, 
                "pypy-nojit": {
                    "max": 0.450357913971, 
                    "mean": 0.4248281002044999, 
                    "min": 0.39697599411
                }
            }, 
            "machine": "922174a8388e0a2f", 
            "platform": "darwin", 
            "timestamp": "20150130205653"
        }, 
        {
            "engines": {
                "cpython": {
                    "max": 0.316136837006, 
                    "mean": 0.28575381040564996, 
                    "min": 0.265667915344
                }, 
                "d8+pypy": {
                    "max": 4.25499987602, 
                    "mean": 0.5457499980924501, 
                    "min": 0.0379998683929
                }, 
                "d8+pypy-nojit": {
                    "max": 2.06599998474, 
                    "mean": 1.8588500022895, 
                    "min": 1.77600002289
                }, 
                "js+pypy": {
                    "max": 0.93499994278, 
                    "mean": 0.15635000467297, 
                    "min": 0.0629999637604
                }, 
                "js+pypy-nojit": {
                    "max": 0.871999979019, 
                    "mean": 0.7417500019073999, 
                    "min": 0.707999944687
                }, 
                "pypy": {
                    "max": 0.157701015472, 
                    "mean": 0.018266916275048, 
                    "min": 0.00678086280823
                }, 
                "pypy-nojit": {
                    "max": 0.496459960938, 
                    "mean": 0.41205970048905005, 
                    "min": 0.388725042343
                }
            }, 
            "machine": "922174a8388e0a2f", 
            "platform": "darwin", 
            "timestamp": "20150128125659"
        }, 
        {
            "engines": {
                "cpython": {
                    "max": 0.341289043427, 
                    "mean": 0.2961853146553, 
                    "min": 0.269620895386
                }, 
                "d8+pypy": {
                    "max": 5.1740000248, 
                    "mean": 0.6428499937057599, 
                    "min": 0.0429999828339
                }, 
                "d8+pypy-nojit": {
                    "max": 2.09100008011, 
                    "mean": 1.9670499920839997, 
                    "min": 1.88899993896
                }, 
                "js+pypy": {
                    "max": 1.09800004959, 
                    "mean": 0.18695000410062507, 
                    "min": 0.0739998817444
                }, 
                "js+pypy-nojit": {
                    "max": 0.881999969482, 
                    "mean": 0.7883499979972499, 
                    "min": 0.740999937057
                }, 
                "pypy": {
                    "max": 0.158222913742, 
                    "mean": 0.019420933723443997, 
                    "min": 0.00692200660706
                }, 
                "pypy-nojit": {
                    "max": 0.488795042038, 
                    "mean": 0.4344341874123, 
                    "min": 0.412024974823
                }
            }, 
            "machine": "922174a8388e0a2f", 
            "platform": "darwin", 
            "timestamp": "20150126201110"
        }, 
        {
            "engines": {
                "cpython": {
                    "max": 0.338896036148, 
                    "mean": 0.25787568092335, 
                    "min": 0.241255998611
                }, 
                "d8+pypy": {
                    "max": 4.43899989128, 
                    "mean": 0.5492500066754201, 
                    "min": 0.039999961853
                }, 
                "d8+pypy-nojit": {
                    "max": 1.67100000381, 
                    "mean": 1.6047999978064997, 
                    "min": 1.56799983978
                }, 
                "js+pypy": {
                    "max": 0.934000015259, 
                    "mean": 0.15674999952310997, 
                    "min": 0.0659999847412
                }, 
                "js+pypy-nojit": {
                    "max": 0.789999961853, 
                    "mean": 0.6789499998092999, 
                    "min": 0.642000198364
                }, 
                "pypy": {
                    "max": 0.157207012177, 
                    "mean": 0.016166353225701497, 
                    "min": 0.00672197341919
                }, 
                "pypy-nojit": {
                    "max": 0.402899980545, 
                    "mean": 0.37036207914355, 
                    "min": 0.350805997849
                }
            }, 
            "machine": "922174a8388e0a2f", 
            "platform": "darwin", 
            "timestamp": "20150122012852"
        }, 
        {
            "engines": {
                "cpython": {
                    "max": 0.278194904327, 
                    "mean": 0.2563068628311, 
                    "min": 0.243262052536
                }, 
                "d8+pypy": {
                    "max": 14.7020001411, 
                    "mean": 1.4147999882675002, 
                    "min": 0.039999961853
                }, 
                "d8+pypy-nojit": {
                    "max": 1.8259999752, 
                    "mean": 1.650050008297, 
                    "min": 1.59000015259
                },