{
    "values": [
        {
            "engines": {
                "cpython": {
                    "max": 0.338896036148, 
                    "mean": 0.25787568092335, 
                    "min": 0.241255998611
                }, 
                "d8+pypy": {
                    "max": 4.43899989128, 
                    "mean": 0.5492500066754201, 
                    "min": 0.039999961853
                }, 
                "d8+pypy-nojit": {
                    "max": 1.67100000381, 
                    "mean": 1.6047999978064997, 
                    "min": 1.56799983978
                }, 
                "js+pypy": {
                    "max": 0.934000015259, 
                    "mean": 0.15674999952310997, 
                    "min": 0.0659999847412
                }, 
                "js+pypy-nojit": {
                    "max": 0.789999961853, 
                    "mean": 0.6789499998092999, 
                    "min": 0.642000198364
                }, 
                "pypy": {
                    "max": 0.157207012177, 
                    "mean": 0.016166353225701497, 
                    "min": 0.00672197341919
                }, 
                "pypy-nojit": {
                    "max": 0.402899980545, 
                    "mean": 0.37036207914355, 
                    "min": 0.350805997849
                }
            }, 
            "machine": "922174a8388e0a2f", 
            "platform": "darwin", 
            "timestamp": "20150122012852"
        }, 
        {
            "engines": {
                "cpython": {
                    "max": 0.278194904327, 
                    "mean": 0.2563068628311, 
                    "min": 0.243262052536
                }, 
                "d8+pypy": {
                    "max": 14.7020001411, 
                    "mean": 1.4147999882675002, 
                    "min": 0.039999961853
                }, 
                "d8+pypy-nojit": {
                    "max": 1.8259999752, 
                    "mean": 1.650050008297, 
                    "min": 1.59000015259
                }, 
                "js+pypy": {
                    "max": 4.18099999428, 
                    "mean": 0.423099994659555, 
                    "min": 0.0579998493195
                }, 
                "js+pypy-nojit": {
                    "max": 0.84500002861, 
                    "mean": 0.6761500000955499, 
                    "min": 0.65299987793
                }, 
                "pypy": {
                    "max": 0.120676994324, 
                    "mean": 0.0153769016266035, 
                    "min": 0.00674390792847
                }, 
                "pypy-nojit": {
                    "max": 0.442301034927, 
                    "mean": 0.37603486776355, 
                    "min": 0.355394124985
                }
            }, 
            "machine": "922174a8388e0a2f", 
            "platform": "darwin", 
            "timestamp": "20150121025735"
        }, 
        {
            "engines": {
                "cpython": {
                    "max": 0.260929107666, 
                    "mean": 0.252899885178, 
                    "min": 0.252899885178
                }, 
                "d8+pypy": {
                    "max": 11.5039999485, 
                    "mean": 11.3680000305, 
                    "min": 11.3680000305
                }, 
                "d8+pypy-nojit": {
                    "max": 1.75499987602, 
                    "mean": 1.6779999733, 
                    "min": 1.6779999733
                }, 
                "js+pypy": {
                    "max": 2.98399996758, 
                    "mean": 2.94599986076, 
                    "min": 2.94599986076
                }, 
                "js+pypy-nojit": {
                    "max": 0.707999944687, 
                    "mean": 0.698999881744, 
                    "min": 0.698999881744
                }, 
                "pypy": {
                    "max": 0.127619028091, 
                    "mean": 0.121781110764, 
                    "min": 0.121781110764
                }, 
                "pypy-nojit": {
                    "max": 0.383170127869, 
                    "mean": 0.35671710968, 
                    "min": 0.35671710968
                }
            }, 
            "machine": "922174a8388e0a2f", 
            "platform": "darwin", 
            "timestamp": "20150120021450"
        }, 
        {
            "engines": {
                "cpython": {
                    "max": 0.30198597908, 
                    "mean": 0.27571606636, 
                    "min": 0.27571606636
                }, 
                "d8+pypy": {
                    "max": 8.26300001144, 
                    "mean": 8.11899995804, 
                    "min": 8.11899995804
                }, 
                "d8+pypy-nojit": {
                    "max": 3.22600007057, 
                    "mean": 3.14100003242, 
                    "min": 3.14100003242
                }, 
                "js+pypy": {
                    "max": 3.77100014687, 
                    "mean": 3.66599988937, 
                    "min": 3.66599988937
                }, 
                "js+pypy-nojit": {
                    "max": 0.789000034332, 
                    "mean": 0.758000135422, 
                    "min": 0.758000135422
                }, 
                "pypy": {
                    "max": 0.138360023499, 
                    "mean": 0.129824876785, 
                    "min": 0.129824876785
                }, 
                "pypy-nojit": {
                    "max": 0.436522006989, 
                    "mean": 0.398371934891, 
                    "min": 0.398371934891
                }
            }, 
            "machine": "922174a8388e0a2f", 
            "platform": "darwin", 
            "timestamp": "20150115044117"
        }, 
        {
            "engines": {
                "cpython": {
                    "max": 0.282831907272, 
                    "mean": 0.279456138611, 
                    "min": 0.279456138611
                }, 
                "d8+pypy": {
                    "max": 7.43899989128, 
                    "mean": 7.25200009346, 
                    "min": 7.25200009346
                }, 
                "d8+pypy-nojit": {
                    "max": 3.20500016212, 
                    "mean": 3.12999987602, 
                    "min": 3.12999987602
                }, 
                "js+pypy": {
                    "max": 2.78399991989, 
                    "mean": 2.7349998951, 
                    "min": 2.7349998951
                }, 
                "js+pypy-nojit": {
                    "max": 0.802000045776, 
                    "mean": 0.792000055313, 
                    "min": 0.792000055313
                }, 
                "pypy": {
                    "max": 0.149968862534, 
                    "mean": 0.138732194901, 
                    "min": 0.138732194901
                }, 
                "pypy-nojit": {
                    "max": 0.438726902008, 
                    "mean": 0.397672891617, 
                    "min": 0.397672891617
                }
            }, 
            "machine": "922174a8388e0a2f", 
            "platform": "darwin", 
            "timestamp": "20150113203542"
        }
    ]
}