{
    "values": [
        {
            "engines": {
                "cpython": {
                    "max": 1.45356106758, 
                    "mean": 1.3641638636589999, 
                    "min": 1.3002910614
                }, 
                "d8+pypy": {
                    "max": 41.5499999523, 
                    "mean": 3.5695000052435497, 
                    "min": 0.635999917984
                }, 
                "d8+pypy-nojit": {
                    "max": 7.84999990463, 
                    "mean": 7.6536000013365, 
                    "min": 7.51900005341
                }, 
                "js+pypy": {
                    "max": 5.22099995613, 
                    "mean": 1.6960999965669998, 
                    "min": 1.38599991798
                }, 
                "js+pypy-nojit": {
                    "max": 2.75499987602, 
                    "mean": 2.5246000051504995, 
                    "min": 2.44400000572
                }, 
                "pypy": {
                    "max": 0.249773025513, 
                    "mean": 0.17190772295004997, 
                    "min": 0.148681163788
                }, 
                "pypy-nojit": {
                    "max": 1.37460207939, 
                    "mean": 1.2953036069869999, 
                    "min": 1.23413610458
                }
            }, 
            "machine": "922174a8388e0a2f", 
            "platform": "darwin", 
            "timestamp": "20150130205653"
        }, 
        {
            "engines": {
                "cpython": {
                    "max": 1.48916912079, 
                    "mean": 1.3552707076069999, 
                    "min": 1.30087900162
                }, 
                "d8+pypy": {
                    "max": 42.4200000763, 
                    "mean": 3.5969499945648, 
                    "min": 0.651999950409
                }, 
                "d8+pypy-nojit": {
                    "max": 7.81200003624, 
                    "mean": 7.4437499880795, 
                    "min": 7.28400015831
                }, 
                "js+pypy": {
                    "max": 5.37799978256, 
                    "mean": 1.6728000044820004, 
                    "min": 1.35899996758
                }, 
                "js+pypy-nojit": {
                    "max": 2.97300004959, 
                    "mean": 2.525400006772, 
                    "min": 2.4509999752
                }, 
                "pypy": {
                    "max": 0.233162879944, 
                    "mean": 0.1673107862472, 
                    "min": 0.151591062546
                }, 
                "pypy-nojit": {
                    "max": 1.40853786469, 
                    "mean": 1.2996609330170001, 
                    "min": 1.23972511292
                }
            }, 
            "machine": "922174a8388e0a2f", 
            "platform": "darwin", 
            "timestamp": "20150128125659"
        }, 
        {
            "engines": {
                "cpython": {
                    "max": 1.45623898506, 
                    "mean": 1.3843575835225, 
                    "min": 1.30776286125
                }, 
                "d8+pypy": {
                    "max": 47.2490000725, 
                    "mean": 3.9653500080112005, 
                    "min": 0.658000230789
                }, 
                "d8+pypy-nojit": {
                    "max": 7.80599999428, 
                    "mean": 7.573299992083998, 
                    "min": 7.39499998093
                }, 
                "js+pypy": {
                    "max": 5.74599981308, 
                    "mean": 1.7415500044824999, 
                    "min": 1.39299988747
                }, 
                "js+pypy-nojit": {
                    "max": 2.77800011635, 
                    "mean": 2.5973500013355, 
                    "min": 2.51099991798
                }, 
                "pypy": {
                    "max": 0.241006135941, 
                    "mean": 0.17744137048719996, 
                    "min": 0.152496814728
                }, 
                "pypy-nojit": {
                    "max": 1.39973592758, 
                    "mean": 1.3012518405915001, 
                    "min": 1.25102710724
                }
            }, 
            "machine": "922174a8388e0a2f", 
            "platform": "darwin", 
            "timestamp": "20150126201110"
        }, 
        {
            "engines": {
                "cpython": {
                    "max": 1.35512113571, 
                    "mean": 1.2006924629215, 
                    "min": 1.15706992149
                }, 
                "d8+pypy": {
                    "max": 41.8580000401, 
                    "mean": 3.4914499998107984, 
                    "min": 0.585000038147
                }, 
                "d8+pypy-nojit": {
                    "max": 6.83500003815, 
                    "mean": 6.603050005436001, 
                    "min": 6.51200008392
                }, 
                "js+pypy": {
                    "max": 4.99000000954, 
                    "mean": 1.5331499934190003, 
                    "min": 1.24799990654
                }, 
                "js+pypy-nojit": {
                    "max": 2.42000007629, 
                    "mean": 2.2681499958035, 
                    "min": 2.22899985313
                }, 
                "pypy": {
                    "max": 0.226236104965, 
                    "mean": 0.15343103408820002, 
                    "min": 0.142025947571
                }, 
                "pypy-nojit": {
                    "max": 1.2280960083, 
                    "mean": 1.1404197812084997, 
                    "min": 1.10313606262
                }
            }, 
            "machine": "922174a8388e0a2f", 
            "platform": "darwin", 
            "timestamp": "20150122012852"
        }, 
        {
            "engines": {
                "cpython": {
                    "max": 1.34823513031, 
                    "mean": 1.1856559753425002, 
                    "min": 1.13063192368
                }, 
                "d8+pypy": {
                    "max": 43.0199999809, 
                    "mean": 3.5822999954223507, 
                    "min": 0.570999860764
                }, 
                "d8+pypy-nojit": {
                    "max": 7.41699981689, 
                    "mean": 6.726450002192999, 
                    "min": 6.58800005913
                }, 
                "js+pypy": {
                    "max": 6.4279999733, 
                    "mean": 1.5951499938965004, 
                    "min": 1.22599983215
                }, 
                "js+pypy-nojit": {
                    "max": 2.41199994087, 
                    "mean": 2.2418500065794995, 
                    "min": 2.18099999428
                }, 
                "pypy": {
                    "max": 0.210196971893, 
                    "mean": 0.1536603569984, 
                    "min": 0.141555786133
                }, 
                "pypy-nojit": {
                    "max": 1.27555894852, 
                    "mean": 1.1440943360335, 
                    "min": 1.10358095169
                }
            }, 
            "machine": "922174a8388e0a2f", 
            "platform": "darwin", 
            "timestamp": "20150121025735"
        }, 
        {
            "engines": {
                "cpython": {
                    "max": 1.33788204193, 
                    "mean": 1.2190185189250005, 
                    "min": 1.17848396301
                }, 
                "d8+pypy": {
                    "max": 43.7619998455, 
                    "mean": 3.5944000005708503, 
                    "min": 0.586999893188
                }, 
                "d8+pypy-nojit": {
                    "max": 7.05099987984, 
                    "mean": 6.659700000286499, 
                    "min": 6.5689997673
                }, 
                "js+pypy": {
                    "max": 6.34200000763,