{
    "values": [
        {
            "engines": {
                "cpython": {
                    "max": 1.33788204193, 
                    "mean": 1.2190185189250005, 
                    "min": 1.17848396301
                }, 
                "d8+pypy": {
                    "max": 43.7619998455, 
                    "mean": 3.5944000005708503, 
                    "min": 0.586999893188
                }, 
                "d8+pypy-nojit": {
                    "max": 7.05099987984, 
                    "mean": 6.659700000286499, 
                    "min": 6.5689997673
                }, 
                "js+pypy": {
                    "max": 6.34200000763, 
                    "mean": 1.6056500077244997, 
                    "min": 1.21999979019
                }, 
                "js+pypy-nojit": {
                    "max": 2.53700017929, 
                    "mean": 2.3033500075334996, 
                    "min": 2.21099996567
                }, 
                "pypy": {
                    "max": 0.200564146042, 
                    "mean": 0.15514090061185, 
                    "min": 0.143537044525
                }, 
                "pypy-nojit": {
                    "max": 1.28182196617, 
                    "mean": 1.14457154274, 
                    "min": 1.1035888195
                }
            }, 
            "machine": "922174a8388e0a2f", 
            "timestamp": "20150120021450"
        }, 
        {
            "engines": {
                "cpython": {
                    "max": 1.41359496117, 
                    "mean": 1.3249689698215, 
                    "min": 1.29489803314
                }, 
                "d8+pypy": {
                    "max": 24.6480000019, 
                    "mean": 6.409550011157499, 
                    "min": 5.07699990273
                }, 
                "d8+pypy-nojit": {
                    "max": 21.257999897, 
                    "mean": 9.763200008868, 
                    "min": 9.38400006294
                }, 
                "js+pypy": {
                    "max": 7.15700006485, 
                    "mean": 1.819050002098, 
                    "min": 1.39999985695
                }, 
                "js+pypy-nojit": {
                    "max": 2.87600016594, 
                    "mean": 2.7199000000950004, 
                    "min": 2.65700006485
                }, 
                "pypy": {
                    "max": 0.22884106636, 
                    "mean": 0.16964861154549998, 
                    "min": 0.152122974396
                }, 
                "pypy-nojit": {
                    "max": 1.35128617287, 
                    "mean": 1.2721512198455, 
                    "min": 1.21918296814
                }
            }, 
            "machine": "922174a8388e0a2f", 
            "timestamp": "20150115044117"
        }, 
        {
            "engines": {
                "cpython": {
                    "max": 1.44779205322, 
                    "mean": 1.2984149217605, 
                    "min": 1.24734115601
                }, 
                "d8+pypy": {
                    "max": 23.9830000401, 
                    "mean": 6.2430000066744995, 
                    "min": 4.9470000267
                }, 
                "d8+pypy-nojit": {
                    "max": 12.9060001373, 
                    "mean": 9.311749994755498, 
                    "min": 8.96399998665
                }, 
                "js+pypy": {
                    "max": 7.06100010872, 
                    "mean": 1.7875499963755002, 
                    "min": 1.39499998093
                }, 
                "js+pypy-nojit": {
                    "max": 2.82299995422, 
                    "mean": 2.6539000034340003, 
                    "min": 2.58599996567
                }, 
                "pypy": {
                    "max": 0.227014064789, 
                    "mean": 0.16446304321285002, 
                    "min": 0.141797065735
                }, 
                "pypy-nojit": {
                    "max": 1.29434800148, 
                    "mean": 1.2228255033500002, 
                    "min": 1.16597485542
                }
            }, 
            "machine": "922174a8388e0a2f", 
            "timestamp": "20150113203542"
        }
    ]
}