{
    "values": [
        {
            "engines": {
                "cpython": {
                    "max": 0.355844974518, 
                    "mean": 0.3202066898346999, 
                    "min": 0.300580978394
                }, 
                "d8+pypy": {
                    "max": 0.78200006485, 
                    "mean": 0.165099990367935, 
                    "min": 0.0820000171661
                }, 
                "d8+pypy-nojit": {
                    "max": 2.2460000515, 
                    "mean": 2.031900000573, 
                    "min": 1.95899987221
                }, 
                "js+pypy": {
                    "max": 0.27999997139, 
                    "mean": 0.16280000209815, 
                    "min": 0.131000041962
                }, 
                "js+pypy-nojit": {
                    "max": 0.903000116348, 
                    "mean": 0.8340499877930002, 
                    "min": 0.78200006485
                }, 
                "pypy": {
                    "max": 0.0664169788361, 
                    "mean": 0.037991940975185004, 
                    "min": 0.0209128856659
                }, 
                "pypy-nojit": {
                    "max": 0.576241970062, 
                    "mean": 0.48061912059785, 
                    "min": 0.442842006683
                }
            }, 
            "machine": "922174a8388e0a2f", 
            "platform": "darwin", 
            "timestamp": "20150120021450"
        }, 
        {
            "engines": {
                "cpython": {
                    "max": 0.367667913437, 
                    "mean": 0.3396593093872, 
                    "min": 0.309355974197
                }, 
                "d8+pypy": {
                    "max": 1.59899997711, 
                    "mean": 0.3275000095366499, 
                    "min": 0.108999967575
                }, 
                "d8+pypy-nojit": {
                    "max": 4.89999985695, 
                    "mean": 2.9152999997155, 
                    "min": 2.71099996567
                }, 
                "js+pypy": {
                    "max": 0.339999914169, 
                    "mean": 0.17929999828345, 
                    "min": 0.140000104904
                }, 
                "js+pypy-nojit": {
                    "max": 1.01800012589, 
                    "mean": 0.91585000753405, 
                    "min": 0.843999862671
                }, 
                "pypy": {
                    "max": 0.0660390853882, 
                    "mean": 0.04116853475570001, 
                    "min": 0.0211570262909
                }, 
                "pypy-nojit": {
                    "max": 0.579541921616, 
                    "mean": 0.5125911474228, 
                    "min": 0.476119041443
                }
            }, 
            "machine": "922174a8388e0a2f", 
            "platform": "darwin", 
            "timestamp": "20150115044117"
        }, 
        {
            "engines": {
                "cpython": {
                    "max": 0.361723899841, 
                    "mean": 0.32959967851639993, 
                    "min": 0.301512956619
                }, 
                "d8+pypy": {
                    "max": 1.60899996758, 
                    "mean": 0.30959999561285, 
                    "min": 0.105999946594
                }, 
                "d8+pypy-nojit": {
                    "max": 5.58899998665, 
                    "mean": 3.3577499866485008, 
                    "min": 2.95700001717
                }, 
                "js+pypy": {
                    "max": 0.319999933243, 
                    "mean": 0.17659999132170004, 
                    "min": 0.137000083923
                }, 
                "js+pypy-nojit": {
                    "max": 1.48200011253, 
                    "mean": 1.0461499929432498, 
                    "min": 0.930999994278
                }, 
                "pypy": {
                    "max": 0.0677280426025, 
                    "mean": 0.04119757413865, 
                    "min": 0.020779132843
                }, 
                "pypy-nojit": {
                    "max": 0.712818861008, 
                    "mean": 0.5295574784279499, 
                    "min": 0.492984056473
                }
            }, 
            "machine": "922174a8388e0a2f", 
            "platform": "darwin", 
            "timestamp": "20150113203542"
        }
    ]
}