{
    "values": [
        {
            "engines": {
                "cpython": {
                    "max": 0.270877122879, 
                    "mean": 0.21777155399330006, 
                    "min": 0.204159975052
                }, 
                "d8+pypy": {
                    "max": 23.6740000248, 
                    "mean": 2.55094999075, 
                    "min": 0.34099984169
                }, 
                "d8+pypy-nojit": {
                    "max": 1.56199979782, 
                    "mean": 1.3658999800699998, 
                    "min": 1.31599998474
                }, 
                "js+pypy": {
                    "max": 3.24800014496, 
                    "mean": 0.74794999361055, 
                    "min": 0.490000009537
                }, 
                "js+pypy-nojit": {
                    "max": 0.665000200272, 
                    "mean": 0.5384499907494, 
                    "min": 0.518000125885
                }, 
                "pypy": {
                    "max": 0.159904956818, 
                    "mean": 0.097871744632735, 
                    "min": 0.086229801178
                }, 
                "pypy-nojit": {
                    "max": 0.346256017685, 
                    "mean": 0.31787413358685, 
                    "min": 0.296607971191
                }
            }, 
            "machine": "922174a8388e0a2f", 
            "platform": "darwin", 
            "timestamp": "20150122012852"
        }, 
        {
            "engines": {
                "cpython": {
                    "max": 0.285307884216, 
                    "mean": 0.21981059312815004, 
                    "min": 0.206601142883
                }, 
                "d8+pypy": {
                    "max": 34.7920000553, 
                    "mean": 4.381050002571049, 
                    "min": 0.321000099182
                }, 
                "d8+pypy-nojit": {
                    "max": 1.64199995995, 
                    "mean": 1.3886500000954998, 
                    "min": 1.32299995422
                }, 
                "js+pypy": {
                    "max": 6.23099994659, 
                    "mean": 1.0517499923708502, 
                    "min": 0.447999954224
                }, 
                "js+pypy-nojit": {
                    "max": 0.670000076294, 
                    "mean": 0.54970000982285, 
                    "min": 0.517999887466
                }, 
                "pypy": {
                    "max": 0.143142938614, 
                    "mean": 0.09842435121539499, 
                    "min": 0.0866749286652
                }, 
                "pypy-nojit": {
                    "max": 0.348325014114, 
                    "mean": 0.3176971673965, 
                    "min": 0.301783084869
                }
            }, 
            "machine": "922174a8388e0a2f", 
            "platform": "darwin", 
            "timestamp": "20150121025735"
        }, 
        {
            "engines": {
                "cpython": {
                    "max": 0.257637023926, 
                    "mean": 0.21588228940965, 
                    "min": 0.203778028488
                }, 
                "d8+pypy": {
                    "max": 35.0680000782, 
                    "mean": 4.27315000295205, 
                    "min": 0.325999975204
                }, 
                "d8+pypy-nojit": {
                    "max": 1.58699989319, 
                    "mean": 1.396150004864, 
                    "min": 1.34400010109
                }, 
                "js+pypy": {
                    "max": 6.07800006866, 
                    "mean": 1.0393499970436497, 
                    "min": 0.444000005722
                }, 
                "js+pypy-nojit": {
                    "max": 0.655999898911, 
                    "mean": 0.5709500074386, 
                    "min": 0.548000097275
                }, 
                "pypy": {
                    "max": 0.157633066177, 
                    "mean": 0.09962676763535001, 
                    "min": 0.0862820148468
                }, 
                "pypy-nojit": {
                    "max": 0.330542087555, 
                    "mean": 0.3122332215309, 
                    "min": 0.297790050507
                }
            }, 
            "machine": "922174a8388e0a2f", 
            "platform": "darwin", 
            "timestamp": "20150120021450"
        }, 
        {
            "engines": {
                "cpython": {
                    "max": 0.277039051056, 
                    "mean": 0.23406678438184997, 
                    "min": 0.218366146088
                }, 
                "d8+pypy": {
                    "max": 19.8989999294, 
                    "mean": 4.8411500096305, 
                    "min": 3.15600013733
                }, 
                "d8+pypy-nojit": {
                    "max": 3.31599998474, 
                    "mean": 2.010449993611, 
                    "min": 1.8900001049
                }, 
                "js+pypy": {
                    "max": 6.65199995041, 
                    "mean": 1.134799993038, 
                    "min": 0.482000112534
                }, 
                "js+pypy-nojit": {
                    "max": 0.671000003815, 
                    "mean": 0.62344999313355, 
                    "min": 0.579999923706
                }, 
                "pypy": {
                    "max": 0.141519069672, 
                    "mean": 0.10457139015191, 
                    "min": 0.0889399051666
                }, 
                "pypy-nojit": {
                    "max": 0.383268117905, 
                    "mean": 0.3439714670181, 
                    "min": 0.324546813965
                }
            }, 
            "machine": "922174a8388e0a2f", 
            "platform": "darwin", 
            "timestamp": "20150115044117"
        }, 
        {
            "engines": {
                "cpython": {
                    "max": 0.278680086136, 
                    "mean": 0.24203979969024997, 
                    "min": 0.223633050919
                }, 
                "d8+pypy": {
                    "max": 22.118999958, 
                    "mean": 5.4150499939909995, 
                    "min": 3.65700006485
                }, 
                "d8+pypy-nojit": {
                    "max": 4.01399993896, 
                    "mean": 2.2840500116360003, 
                    "min": 2.03699994087
                }, 
                "js+pypy": {
                    "max": 7.57799983025, 
                    "mean": 1.1859500050546503, 
                    "min": 0.486999988556
                }, 
                "js+pypy-nojit": {
                    "max": 0.856999874115, 
                    "mean": 0.7098500013350499, 
                    "min": 0.664000034332
                }, 
                "pypy": {
                    "max": 0.177577018738, 
                    "mean": 0.11346850395199999, 
                    "min": 0.0980558395386
                }, 
                "pypy-nojit": {
                    "max": 0.540065050125, 
                    "mean": 0.37571479082104997, 
                    "min": 0.350718975067
                }
            }, 
            "machine": "922174a8388e0a2f", 
            "platform": "darwin", 
            "timestamp": "20150113203542"
        }
    ]
}