{
    "values": [
        {
            "engines": {
                "cpython": {
                    "max": 0.326480150223, 
                    "mean": 0.23643772602074997, 
                    "min": 0.223084926605
                }, 
                "d8+pypy": {
                    "max": 12.0150001049, 
                    "mean": 1.37260000705735, 
                    "min": 0.3140001297
                }, 
                "d8+pypy-nojit": {
                    "max": 1.6850001812, 
                    "mean": 1.333800005913, 
                    "min": 1.257999897
                }, 
                "js+pypy": {
                    "max": 2.52699995041, 
                    "mean": 0.6546000003817499, 
                    "min": 0.46599984169
                }, 
                "js+pypy-nojit": {
                    "max": 0.828000068665, 
                    "mean": 0.60404999256135, 
                    "min": 0.5609998703
                }, 
                "pypy": {
                    "max": 0.152143001556, 
                    "mean": 0.10539379119862499, 
                    "min": 0.0903809070587
                }, 
                "pypy-nojit": {
                    "max": 0.498958110809, 
                    "mean": 0.3399395108222, 
                    "min": 0.318156003952
                }
            }, 
            "machine": "922174a8388e0a2f", 
            "platform": "darwin", 
            "timestamp": "20150221072511"
        }, 
        {
            "engines": {
                "cpython": {
                    "max": 0.264669179916, 
                    "mean": 0.23777167797085003, 
                    "min": 0.21543097496
                }, 
                "d8+pypy": {
                    "max": 11.8499999046, 
                    "mean": 1.4225999832132, 
                    "min": 0.316999912262
                }, 
                "d8+pypy-nojit": {
                    "max": 1.73699998856, 
                    "mean": 1.4912499904624998, 
                    "min": 1.44599986076
                }, 
                "js+pypy": {
                    "max": 2.17600011826, 
                    "mean": 0.6530500054360999, 
                    "min": 0.483999967575
                }, 
                "js+pypy-nojit": {
                    "max": 0.626999855042, 
                    "mean": 0.59119999408725, 
                    "min": 0.549000024796
                }, 
                "pypy": {
                    "max": 0.162566900253, 
                    "mean": 0.10493324995040998, 
                    "min": 0.0891900062561
                }, 
                "pypy-nojit": {
                    "max": 0.391283988953, 
                    "mean": 0.35127118825919995, 
                    "min": 0.318649053574
                }
            }, 
            "machine": "922174a8388e0a2f", 
            "platform": "darwin", 
            "timestamp": "20150217020158"
        }, 
        {
            "engines": {
                "cpython": {
                    "max": 0.302364826202, 
                    "mean": 0.25750383138659994, 
                    "min": 0.231861829758
                }, 
                "d8+pypy": {
                    "max": 12.6499998569, 
                    "mean": 1.5282500028608994, 
                    "min": 0.331000089645
                }, 
                "d8+pypy-nojit": {
                    "max": 1.75900006294, 
                    "mean": 1.6083000063894999, 
                    "min": 1.55599999428
                }, 
                "js+pypy": {
                    "max": 2.28299999237, 
                    "mean": 0.6996500015261, 
                    "min": 0.523000001907
                }, 
                "js+pypy-nojit": {
                    "max": 0.700000047684, 
                    "mean": 0.6424500107766502, 
                    "min": 0.608000040054
                }, 
                "pypy": {
                    "max": 0.164937973022, 
                    "mean": 0.11458563804635, 
                    "min": 0.0945110321045
                }, 
                "pypy-nojit": {
                    "max": 0.414787054062, 
                    "mean": 0.3687849044800001, 
                    "min": 0.330291032791
                }
            }, 
            "machine": "922174a8388e0a2f", 
            "platform": "darwin", 
            "timestamp": "20150211070159"
        }, 
        {
            "engines": {
                "cpython": {
                    "max": 0.266220092773, 
                    "mean": 0.244731247425, 
                    "min": 0.230470180511
                }, 
                "d8+pypy": {
                    "max": 11.878000021, 
                    "mean": 1.4096500039121003, 
                    "min": 0.31299996376
                }, 
                "d8+pypy-nojit": {
                    "max": 1.71000003815, 
                    "mean": 1.5573000073435002, 
                    "min": 1.47499990463
                }, 
                "js+pypy": {
                    "max": 2.08000016212, 
                    "mean": 0.6495499968529999, 
                    "min": 0.469000101089
                }, 
                "js+pypy-nojit": {
                    "max": 0.655999898911, 
                    "mean": 0.5999499917029499, 
                    "min": 0.570999860764
                }, 
                "pypy": {
                    "max": 0.153069019318, 
                    "mean": 0.10709714889525501, 
                    "min": 0.0922291278839
                }, 
                "pypy-nojit": {
                    "max": 0.377417802811, 
                    "mean": 0.3419057965278501, 
                    "min": 0.32502412796
                }
            }, 
            "machine": "922174a8388e0a2f", 
            "platform": "darwin", 
            "timestamp": "20150205100701"
        }, 
        {
            "engines": {
                "cpython": {
                    "max": 0.277125120163, 
                    "mean": 0.24663944244380004, 
                    "min": 0.230985879898
                }, 
                "d8+pypy": {
                    "max": 8.7009999752, 
                    "mean": 1.1205500006675, 
                    "min": 0.375
                }, 
                "d8+pypy-nojit": {
                    "max": 1.85399985313, 
                    "mean": 1.608899998665, 
                    "min": 1.55800008774
                }, 
                "js+pypy": {
                    "max": 2.16899991035, 
                    "mean": 0.6814000010491001, 
                    "min": 0.503000020981
                }, 
                "js+pypy-nojit": {
                    "max": 0.690999984741, 
                    "mean": 0.6322999954223001, 
                    "min": 0.59500002861
                }, 
                "pypy": {
                    "max": 0.174715042114, 
                    "mean": 0.11137034893040001, 
                    "min": 0.0963809490204
                }, 
                "pypy-nojit": {
                    "max": 0.400047063828, 
                    "mean": 0.3624252438546, 
                    "min": 0.327134847641
                }
            }, 
            "machine": "922174a8388e0a2f", 
            "platform": "darwin", 
            "timestamp": "20150202005200"
        }, 
        {
            "engines": {
                "cpython": {
                    "max": 0.272796869278, 
                    "mean": 0.25142714977259994, 
                    "min": 0.22833108902
                }, 
                "d8+pypy": {
                    "max": 24.1720001698, 
                    "mean": 2.5275500059125506, 
                    "min": 0.371999979019
                }, 
                "d8+pypy-nojit": {
                    "max": 1.74799990654, 
                    "mean": 1.6159500002855, 
                    "min": 1.5649998188
                },