{
    "values": [
        {
            "engines": {
                "cpython": {
                    "max": 0.385713100433, 
                    "mean": 0.33364691734314994, 
                    "min": 0.301851034164
                }, 
                "d8+pypy": {
                    "max": 5.17300009727, 
                    "mean": 0.45880000591259995, 
                    "min": 0.194999933243
                }, 
                "d8+pypy-nojit": {
                    "max": 3.82800006866, 
                    "mean": 3.6864500045775004, 
                    "min": 3.56500005722
                }, 
                "js+pypy": {
                    "max": 0.509999990463, 
                    "mean": 0.17595000267040004, 
                    "min": 0.138999938965
                }, 
                "js+pypy-nojit": {
                    "max": 1.32800006866, 
                    "mean": 1.2514500021934998, 
                    "min": 1.18799996376
                }, 
                "pypy": {
                    "max": 0.0638990402222, 
                    "mean": 0.02455706596375, 
                    "min": 0.0199480056763
                }, 
                "pypy-nojit": {
                    "max": 0.702201128006, 
                    "mean": 0.6403644323348, 
                    "min": 0.609213113785
                }
            }, 
            "machine": "922174a8388e0a2f", 
            "platform": "darwin", 
            "timestamp": "20150202005200"
        }, 
        {
            "engines": {
                "cpython": {
                    "max": 0.38213300705, 
                    "mean": 0.3405772566795, 
                    "min": 0.309087991714
                }, 
                "d8+pypy": {
                    "max": 6.17300009727, 
                    "mean": 0.4978000044821501, 
                    "min": 0.182000160217
                }, 
                "d8+pypy-nojit": {
                    "max": 3.70199990273, 
                    "mean": 3.5854499936115, 
                    "min": 3.46300005913
                }, 
                "js+pypy": {
                    "max": 0.608999967575, 
                    "mean": 0.17664999961855, 
                    "min": 0.135999917984
                }, 
                "js+pypy-nojit": {
                    "max": 1.27699995041, 
                    "mean": 1.209150004387, 
                    "min": 1.15999984741
                }, 
                "pypy": {
                    "max": 0.0520188808441, 
                    "mean": 0.02449580430984, 
                    "min": 0.0194158554077
                }, 
                "pypy-nojit": {
                    "max": 0.716006994247, 
                    "mean": 0.6362825870514499, 
                    "min": 0.593836069107
                }
            }, 
            "machine": "922174a8388e0a2f", 
            "platform": "darwin", 
            "timestamp": "20150130205653"
        }, 
        {
            "engines": {
                "cpython": {
                    "max": 0.372586965561, 
                    "mean": 0.33928523063664995, 
                    "min": 0.302998065948
                }, 
                "d8+pypy": {
                    "max": 6.21000003815, 
                    "mean": 0.50999999046335, 
                    "min": 0.186000108719
                }, 
                "d8+pypy-nojit": {
                    "max": 3.71099996567, 
                    "mean": 3.5348500013349997, 
                    "min": 3.41200017929
                }, 
                "js+pypy": {
                    "max": 0.606000185013, 
                    "mean": 0.17599999904634997, 
                    "min": 0.134999990463
                }, 
                "js+pypy-nojit": {
                    "max": 1.37199997902, 
                    "mean": 1.2199000000965, 
                    "min": 1.13899993896
                }, 
                "pypy": {
                    "max": 0.0467419624329, 
                    "mean": 0.024408066272735, 
                    "min": 0.0195169448853
                }, 
                "pypy-nojit": {
                    "max": 0.725239038467, 
                    "mean": 0.6130533695220002, 
                    "min": 0.579928874969
                }
            }, 
            "machine": "922174a8388e0a2f", 
            "platform": "darwin", 
            "timestamp": "20150128125659"
        }, 
        {
            "engines": {
                "cpython": {
                    "max": 0.37549996376, 
                    "mean": 0.33800102472309995, 
                    "min": 0.318729877472
                }, 
                "d8+pypy": {
                    "max": 6.80400013924, 
                    "mean": 0.5598000049591, 
                    "min": 0.21799993515
                }, 
                "d8+pypy-nojit": {
                    "max": 3.92100000381, 
                    "mean": 3.688650000095999, 
                    "min": 3.60399985313
                }, 
                "js+pypy": {
                    "max": 0.709999799728, 
                    "mean": 0.19664999246605, 
                    "min": 0.150000095367
                }, 
                "js+pypy-nojit": {
                    "max": 1.33599996567, 
                    "mean": 1.2452499985690002, 
                    "min": 1.1819999218
                }, 
                "pypy": {
                    "max": 0.0478129386902, 
                    "mean": 0.025174963474274992, 
                    "min": 0.0195310115814
                }, 
                "pypy-nojit": {
                    "max": 0.710249900818, 
                    "mean": 0.6261414766311499, 
                    "min": 0.590047836304
                }
            }, 
            "machine": "922174a8388e0a2f", 
            "platform": "darwin", 
            "timestamp": "20150126201110"
        }, 
        {
            "engines": {
                "cpython": {
                    "max": 0.31750702858, 
                    "mean": 0.2982796311379, 
                    "min": 0.283728837967
                }, 
                "d8+pypy": {
                    "max": 5.85500001907, 
                    "mean": 0.48765000104929995, 
                    "min": 0.200000047684
                }, 
                "d8+pypy-nojit": {
                    "max": 3.63599991798, 
                    "mean": 3.339199995995501, 
                    "min": 3.24499988556
                }, 
                "js+pypy": {
                    "max": 0.605000019073, 
                    "mean": 0.16644999980925004, 
                    "min": 0.138000011444
                }, 
                "js+pypy-nojit": {
                    "max": 1.27200007439, 
                    "mean": 1.1182999968535001, 
                    "min": 1.07899999619
                }, 
                "pypy": {
                    "max": 0.0462069511414, 
                    "mean": 0.022292447090140007, 
                    "min": 0.0194599628448
                }, 
                "pypy-nojit": {
                    "max": 0.648544073105, 
                    "mean": 0.55584528446195, 
                    "min": 0.537988901138
                }
            }, 
            "machine": "922174a8388e0a2f", 
            "platform": "darwin", 
            "timestamp": "20150122012852"
        }, 
        {
            "engines": {
                "cpython": {
                    "max": 0.332051038742, 
                    "mean": 0.30287332534780004, 
                    "min": 0.284671068192
                }, 
                "d8+pypy": {
                    "max": 6.27900004387, 
                    "mean": 0.5080000042917001, 
                    "min": 0.197999954224
                }, 
                "d8+pypy-nojit": {
                    "max": 3.60000014305, 
                    "mean": 3.2879999995229996, 
                    "min": 3.23600006104
                },