{
    "values": [
        {
            "engines": {
                "cpython": {
                    "max": 0.382516145706, 
                    "mean": 0.3083379149439, 
                    "min": 0.287130832672
                }, 
                "d8+pypy": {
                    "max": 6.15400004387, 
                    "mean": 0.5055000066756, 
                    "min": 0.195000171661
                }, 
                "d8+pypy-nojit": {
                    "max": 3.59899997711, 
                    "mean": 3.2619500041, 
                    "min": 3.19599986076
                }, 
                "js+pypy": {
                    "max": 0.901000022888, 
                    "mean": 0.18515000343325, 
                    "min": 0.138999938965
                }, 
                "js+pypy-nojit": {
                    "max": 1.2009999752, 
                    "mean": 1.137750005723, 
                    "min": 1.08300018311
                }, 
                "pypy": {
                    "max": 0.0487151145935, 
                    "mean": 0.02231522798537, 
                    "min": 0.0194499492645
                }, 
                "pypy-nojit": {
                    "max": 0.650051832199, 
                    "mean": 0.5740968704223499, 
                    "min": 0.544136047363
                }
            }, 
            "machine": "922174a8388e0a2f", 
            "platform": "darwin", 
            "timestamp": "20150120021450"
        }, 
        {
            "engines": {
                "cpython": {
                    "max": 0.355279922485, 
                    "mean": 0.3274692535400999, 
                    "min": 0.306620121002
                }, 
                "d8+pypy": {
                    "max": 5.20799994469, 
                    "mean": 1.04010000228835, 
                    "min": 0.200999975204
                }, 
                "d8+pypy-nojit": {
                    "max": 6.32800006866, 
                    "mean": 4.6333000063885, 
                    "min": 4.42100000381
                }, 
                "js+pypy": {
                    "max": 0.981999874115, 
                    "mean": 0.1934000015259, 
                    "min": 0.141999959946
                }, 
                "js+pypy-nojit": {
                    "max": 1.44899988174, 
                    "mean": 1.2719999909395, 
                    "min": 1.22000002861
                }, 
                "pypy": {
                    "max": 0.0432200431824, 
                    "mean": 0.023967611789710002, 
                    "min": 0.0195181369781
                }, 
                "pypy-nojit": {
                    "max": 0.69305896759, 
                    "mean": 0.61431691646565, 
                    "min": 0.57904791832
                }
            }, 
            "machine": "922174a8388e0a2f", 
            "platform": "darwin", 
            "timestamp": "20150115044117"
        }, 
        {
            "engines": {
                "cpython": {
                    "max": 0.492793083191, 
                    "mean": 0.33550088405594997, 
                    "min": 0.311775922775
                }, 
                "d8+pypy": {
                    "max": 5.82299995422, 
                    "mean": 1.2077999949452998, 
                    "min": 0.214999914169
                }, 
                "d8+pypy-nojit": {
                    "max": 8.00200009346, 
                    "mean": 4.976800012588, 
                    "min": 4.57299995422
                }, 
                "js+pypy": {
                    "max": 1.1970000267, 
                    "mean": 0.23179999589945005, 
                    "min": 0.15299987793
                }, 
                "js+pypy-nojit": {
                    "max": 1.86800003052, 
                    "mean": 1.4700999975215, 
                    "min": 1.27999997139
                }, 
                "pypy": {
                    "max": 0.0514011383057, 
                    "mean": 0.023337233066555003, 
                    "min": 0.0192739963531
                }, 
                "pypy-nojit": {
                    "max": 0.803120851517, 
                    "mean": 0.6105203032493002, 
                    "min": 0.574325084686
                }
            }, 
            "machine": "922174a8388e0a2f", 
            "platform": "darwin", 
            "timestamp": "20150113203542"
        }
    ]
}