{
    "values": [
        {
            "engines": {
                "cpython": {
                    "max": 0.28991317749, 
                    "mean": 0.25893416404724995, 
                    "min": 0.244305849075
                }, 
                "d8+pypy": {
                    "max": 1.57800006866, 
                    "mean": 0.26960000991804994, 
                    "min": 0.154000043869
                }, 
                "d8+pypy-nojit": {
                    "max": 1.98699998856, 
                    "mean": 1.8446499943720003, 
                    "min": 1.79499983788
                }, 
                "js+pypy": {
                    "max": 0.523999929428, 
                    "mean": 0.35310000181199996, 
                    "min": 0.319000005722
                }, 
                "js+pypy-nojit": {
                    "max": 0.712000131607, 
                    "mean": 0.66974999904625, 
                    "min": 0.613000154495
                }, 
                "pypy": {
                    "max": 0.0612270832062, 
                    "mean": 0.05010645389557, 
                    "min": 0.0441291332245
                }, 
                "pypy-nojit": {
                    "max": 0.465816020966, 
                    "mean": 0.40604205131535, 
                    "min": 0.376505851746
                }
            }, 
            "machine": "922174a8388e0a2f", 
            "platform": "darwin", 
            "timestamp": "20150217020158"
        }, 
        {
            "engines": {
                "cpython": {
                    "max": 0.301926136017, 
                    "mean": 0.28209773302075003, 
                    "min": 0.257570981979
                }, 
                "d8+pypy": {
                    "max": 1.74900007248, 
                    "mean": 0.30879999399205, 
                    "min": 0.175000190735
                }, 
                "d8+pypy-nojit": {
                    "max": 2.10899996758, 
                    "mean": 1.9558500051494996, 
                    "min": 1.88899993896
                }, 
                "js+pypy": {
                    "max": 0.547999858856, 
                    "mean": 0.36664999723430003, 
                    "min": 0.329999923706
                }, 
                "js+pypy-nojit": {
                    "max": 0.807999849319, 
                    "mean": 0.7315500020982499, 
                    "min": 0.69100022316
                }, 
                "pypy": {
                    "max": 0.0692920684814, 
                    "mean": 0.05466815233230001, 
                    "min": 0.0442080497742
                }, 
                "pypy-nojit": {
                    "max": 0.47371506691, 
                    "mean": 0.42625190019615006, 
                    "min": 0.399791002274
                }
            }, 
            "machine": "922174a8388e0a2f", 
            "platform": "darwin", 
            "timestamp": "20150211070159"
        }, 
        {
            "engines": {
                "cpython": {
                    "max": 0.279088020325, 
                    "mean": 0.25651406049735, 
                    "min": 0.241158008575
                }, 
                "d8+pypy": {
                    "max": 1.5720000267, 
                    "mean": 0.2766499996185, 
                    "min": 0.162000179291
                }, 
                "d8+pypy-nojit": {
                    "max": 1.97699999809, 
                    "mean": 1.8168499946610002, 
                    "min": 1.77600002289
                }, 
                "js+pypy": {
                    "max": 0.512000083923, 
                    "mean": 0.33964999914169997, 
                    "min": 0.307999849319
                }, 
                "js+pypy-nojit": {
                    "max": 0.725000143051, 
                    "mean": 0.6570999979973, 
                    "min": 0.621999979019
                }, 
                "pypy": {
                    "max": 0.0691630840302, 
                    "mean": 0.050906348228465, 
                    "min": 0.0439648628235
                }, 
                "pypy-nojit": {
                    "max": 0.474852085114, 
                    "mean": 0.4002802133560001, 
                    "min": 0.367848157883
                }
            }, 
            "machine": "922174a8388e0a2f", 
            "platform": "darwin", 
            "timestamp": "20150205100701"
        }, 
        {
            "engines": {
                "cpython": {
                    "max": 0.314319133759, 
                    "mean": 0.27205199003225, 
                    "min": 0.248744010925
                }, 
                "d8+pypy": {
                    "max": 1.26900005341, 
                    "mean": 0.27344999313380003, 
                    "min": 0.179000139236
                }, 
                "d8+pypy-nojit": {
                    "max": 2.0600001812, 
                    "mean": 1.8889999985694998, 
                    "min": 1.82999992371
                }, 
                "js+pypy": {
                    "max": 0.590000152588, 
                    "mean": 0.36434999704355003, 
                    "min": 0.332999944687
                }, 
                "js+pypy-nojit": {
                    "max": 0.775000095367, 
                    "mean": 0.6950500011445, 
                    "min": 0.664000034332
                }, 
                "pypy": {
                    "max": 0.0684950351715, 
                    "mean": 0.052598476409925, 
                    "min": 0.0462079048157
                }, 
                "pypy-nojit": {
                    "max": 0.469424962997, 
                    "mean": 0.4198873639106, 
                    "min": 0.395028829575
                }
            }, 
            "machine": "922174a8388e0a2f", 
            "platform": "darwin", 
            "timestamp": "20150202005200"
        }, 
        {
            "engines": {
                "cpython": {
                    "max": 0.295161962509, 
                    "mean": 0.27531723976125005, 
                    "min": 0.252173185349
                }, 
                "d8+pypy": {
                    "max": 3.4509999752, 
                    "mean": 0.4188500046731499, 
                    "min": 0.171999931335
                }, 
                "d8+pypy-nojit": {
                    "max": 2.01800012589, 
                    "mean": 1.9077000021935002, 
                    "min": 1.84400010109
                }, 
                "js+pypy": {
                    "max": 0.650000095367, 
                    "mean": 0.36940000057235, 
                    "min": 0.309000015259
                }, 
                "js+pypy-nojit": {
                    "max": 0.729000091553, 
                    "mean": 0.67489999532705, 
                    "min": 0.649999856949
                }, 
                "pypy": {
                    "max": 0.0749840736389, 
                    "mean": 0.054154360294329996, 
                    "min": 0.0447640419006
                }, 
                "pypy-nojit": {
                    "max": 0.469774007797, 
                    "mean": 0.41685557365415005, 
                    "min": 0.382672071457
                }
            }, 
            "machine": "922174a8388e0a2f", 
            "platform": "darwin", 
            "timestamp": "20150130205653"
        }, 
        {
            "engines": {
                "cpython": {
                    "max": 0.33536195755, 
                    "mean": 0.28674873113625005, 
                    "min": 0.254510879517
                }, 
                "d8+pypy": {
                    "max": 3.62099981308, 
                    "mean": 0.42009999752040006, 
                    "min": 0.173000097275
                }, 
                "d8+pypy-nojit": {
                    "max": 2.09999990463, 
                    "mean": 1.9290500164030004, 
                    "min": 1.85800004005
                },