{
    "values": [
        {
            "engines": {
                "cpython": {
                    "max": 0.26559305191, 
                    "mean": 0.24645336866375, 
                    "min": 0.232466936111
                }, 
                "d8+pypy": {
                    "max": 4.8789999485, 
                    "mean": 0.5699500083922, 
                    "min": 0.174000024796
                }, 
                "d8+pypy-nojit": {
                    "max": 1.81600022316, 
                    "mean": 1.6765500068665002, 
                    "min": 1.61400008202
                }, 
                "js+pypy": {
                    "max": 0.657999992371, 
                    "mean": 0.31159999370580005, 
                    "min": 0.263000011444
                }, 
                "js+pypy-nojit": {
                    "max": 0.768000125885, 
                    "mean": 0.60954999923695, 
                    "min": 0.587999820709
                }, 
                "pypy": {
                    "max": 0.0637581348419, 
                    "mean": 0.04627391099930499, 
                    "min": 0.0435180664062
                }, 
                "pypy-nojit": {
                    "max": 0.405224084854, 
                    "mean": 0.37000490427025, 
                    "min": 0.354507923126
                }
            }, 
            "machine": "922174a8388e0a2f", 
            "platform": "darwin", 
            "timestamp": "20150120021450"
        }, 
        {
            "engines": {
                "cpython": {
                    "max": 0.425338029861, 
                    "mean": 0.2818668365477501, 
                    "min": 0.258899927139
                }, 
                "d8+pypy": {
                    "max": 4.7650001049, 
                    "mean": 1.8776999950410005, 
                    "min": 1.08599996567
                }, 
                "d8+pypy-nojit": {
                    "max": 2.91599988937, 
                    "mean": 2.3723999977104997, 
                    "min": 2.26200008392
                }, 
                "js+pypy": {
                    "max": 0.763000011444, 
                    "mean": 0.3466000080109001, 
                    "min": 0.297000169754
                }, 
                "js+pypy-nojit": {
                    "max": 0.968999862671, 
                    "mean": 0.7309500098228998, 
                    "min": 0.694000005722
                }, 
                "pypy": {
                    "max": 0.0814940929413, 
                    "mean": 0.06053156852721001, 
                    "min": 0.0455551147461
                }, 
                "pypy-nojit": {
                    "max": 0.538508892059, 
                    "mean": 0.43077174425119996, 
                    "min": 0.397528886795
                }
            }, 
            "machine": "922174a8388e0a2f", 
            "platform": "darwin", 
            "timestamp": "20150115044117"
        }, 
        {
            "engines": {
                "cpython": {
                    "max": 0.421854972839, 
                    "mean": 0.27864544391630003, 
                    "min": 0.261865854263
                }, 
                "d8+pypy": {
                    "max": 5.53900003433, 
                    "mean": 2.033499979973, 
                    "min": 1.11500000954
                }, 
                "d8+pypy-nojit": {
                    "max": 6.64800000191, 
                    "mean": 2.4406500101094997, 
                    "min": 2.28800010681
                }, 
                "js+pypy": {
                    "max": 0.747000217438, 
                    "mean": 0.36249999999995, 
                    "min": 0.302000045776
                }, 
                "js+pypy-nojit": {
                    "max": 1.05099987984, 
                    "mean": 0.7462500095368, 
                    "min": 0.697999954224
                }, 
                "pypy": {
                    "max": 0.0897490978241, 
                    "mean": 0.05490800142288001, 
                    "min": 0.0446472167969
                }, 
                "pypy-nojit": {
                    "max": 0.594269037247, 
                    "mean": 0.44609712362294995, 
                    "min": 0.398141145706
                }
            }, 
            "machine": "922174a8388e0a2f", 
            "platform": "darwin", 
            "timestamp": "20150113203542"
        }
    ]
}