{
    "values": [
        {
            "engines": {
                "cpython": {
                    "max": 0.295161962509, 
                    "mean": 0.27531723976125005, 
                    "min": 0.252173185349
                }, 
                "d8+pypy": {
                    "max": 3.4509999752, 
                    "mean": 0.4188500046731499, 
                    "min": 0.171999931335
                }, 
                "d8+pypy-nojit": {
                    "max": 2.01800012589, 
                    "mean": 1.9077000021935002, 
                    "min": 1.84400010109
                }, 
                "js+pypy": {
                    "max": 0.650000095367, 
                    "mean": 0.36940000057235, 
                    "min": 0.309000015259
                }, 
                "js+pypy-nojit": {
                    "max": 0.729000091553, 
                    "mean": 0.67489999532705, 
                    "min": 0.649999856949
                }, 
                "pypy": {
                    "max": 0.0749840736389, 
                    "mean": 0.054154360294329996, 
                    "min": 0.0447640419006
                }, 
                "pypy-nojit": {
                    "max": 0.469774007797, 
                    "mean": 0.41685557365415005, 
                    "min": 0.382672071457
                }
            }, 
            "machine": "922174a8388e0a2f", 
            "platform": "darwin", 
            "timestamp": "20150130205653"
        }, 
        {
            "engines": {
                "cpython": {
                    "max": 0.33536195755, 
                    "mean": 0.28674873113625005, 
                    "min": 0.254510879517
                }, 
                "d8+pypy": {
                    "max": 3.62099981308, 
                    "mean": 0.42009999752040006, 
                    "min": 0.173000097275
                }, 
                "d8+pypy-nojit": {
                    "max": 2.09999990463, 
                    "mean": 1.9290500164030004, 
                    "min": 1.85800004005
                }, 
                "js+pypy": {
                    "max": 0.618999958038, 
                    "mean": 0.36035000085819996, 
                    "min": 0.319999933243
                }, 
                "js+pypy-nojit": {
                    "max": 0.746000051498, 
                    "mean": 0.6796500086785, 
                    "min": 0.650000095367
                }, 
                "pypy": {
                    "max": 0.0679838657379, 
                    "mean": 0.05297557115555, 
                    "min": 0.0444340705872
                }, 
                "pypy-nojit": {
                    "max": 0.47683095932, 
                    "mean": 0.4049751996995, 
                    "min": 0.369014978409
                }
            }, 
            "machine": "922174a8388e0a2f", 
            "platform": "darwin", 
            "timestamp": "20150128125659"
        }, 
        {
            "engines": {
                "cpython": {
                    "max": 0.306144952774, 
                    "mean": 0.2812509536743001, 
                    "min": 0.259141921997
                }, 
                "d8+pypy": {
                    "max": 4.06900000572, 
                    "mean": 0.45754998922335, 
                    "min": 0.18499994278
                }, 
                "d8+pypy-nojit": {
                    "max": 2.0759999752, 
                    "mean": 1.9287499904645, 
                    "min": 1.87400007248
                }, 
                "js+pypy": {
                    "max": 0.663999795914, 
                    "mean": 0.39779999256140003, 
                    "min": 0.349999904633
                }, 
                "js+pypy-nojit": {
                    "max": 0.832000017166, 
                    "mean": 0.6953499913215, 
                    "min": 0.656999826431
                }, 
                "pypy": {
                    "max": 0.0762808322906, 
                    "mean": 0.054931938648220005, 
                    "min": 0.0457470417023
                }, 
                "pypy-nojit": {
                    "max": 0.599291086197, 
                    "mean": 0.44591734409334993, 
                    "min": 0.419960975647
                }
            }, 
            "machine": "922174a8388e0a2f", 
            "platform": "darwin", 
            "timestamp": "20150126201110"
        }, 
        {
            "engines": {
                "cpython": {
                    "max": 0.308999061584, 
                    "mean": 0.2492457389832, 
                    "min": 0.238220930099
                }, 
                "d8+pypy": {
                    "max": 3.64300012589, 
                    "mean": 0.42364999055900004, 
                    "min": 0.174999952316
                }, 
                "d8+pypy-nojit": {
                    "max": 1.88400006294, 
                    "mean": 1.6695499897010002, 
                    "min": 1.62800002098
                }, 
                "js+pypy": {
                    "max": 0.601000070572, 
                    "mean": 0.3570000052452, 
                    "min": 0.325999975204
                }, 
                "js+pypy-nojit": {
                    "max": 0.710999965668, 
                    "mean": 0.6200999975204501, 
                    "min": 0.59500002861
                }, 
                "pypy": {
                    "max": 0.0617249011993, 
                    "mean": 0.04952907562254501, 
                    "min": 0.0436229705811
                }, 
                "pypy-nojit": {
                    "max": 0.457031965256, 
                    "mean": 0.39031716585174997, 
                    "min": 0.367691993713
                }
            }, 
            "machine": "922174a8388e0a2f", 
            "platform": "darwin", 
            "timestamp": "20150122012852"
        }, 
        {
            "engines": {
                "cpython": {
                    "max": 0.278348207474, 
                    "mean": 0.24654078483589997, 
                    "min": 0.234794855118
                }, 
                "d8+pypy": {
                    "max": 4.78200006485, 
                    "mean": 0.5701500058170501, 
                    "min": 0.169000148773
                }, 
                "d8+pypy-nojit": {
                    "max": 1.70899987221, 
                    "mean": 1.6458500027660001, 
                    "min": 1.60600018501
                }, 
                "js+pypy": {
                    "max": 0.71599984169, 
                    "mean": 0.31430000066765, 
                    "min": 0.266000032425
                }, 
                "js+pypy-nojit": {
                    "max": 0.697999954224, 
                    "mean": 0.63595000505435, 
                    "min": 0.608000040054
                }, 
                "pypy": {
                    "max": 0.0579760074615, 
                    "mean": 0.046728241443630004, 
                    "min": 0.0434718132019
                }, 
                "pypy-nojit": {
                    "max": 0.510365009308, 
                    "mean": 0.38041115999214997, 
                    "min": 0.3586769104
                }
            }, 
            "machine": "922174a8388e0a2f", 
            "platform": "darwin", 
            "timestamp": "20150121025735"
        }, 
        {
            "engines": {
                "cpython": {
                    "max": 0.26559305191, 
                    "mean": 0.24645336866375, 
                    "min": 0.232466936111
                }, 
                "d8+pypy": {
                    "max": 4.8789999485, 
                    "mean": 0.5699500083922, 
                    "min": 0.174000024796
                }, 
                "d8+pypy-nojit": {
                    "max": 1.81600022316, 
                    "mean": 1.6765500068665002, 
                    "min": 1.61400008202
                },