{
    "values": [
        {
            "engines": {
                "cpython": {
                    "max": 0.233571052551, 
                    "mean": 0.2110107064248, 
                    "min": 0.193202018738
                }, 
                "d8+pypy": {
                    "max": 11.2250001431, 
                    "mean": 1.9625000000022503, 
                    "min": 0.827000141144
                }, 
                "d8+pypy-nojit": {
                    "max": 1.44000005722, 
                    "mean": 1.313950002193, 
                    "min": 1.25499987602
                }, 
                "js+pypy": {
                    "max": 2.8710000515, 
                    "mean": 0.39585000276568494, 
                    "min": 0.0920000076294
                }, 
                "js+pypy-nojit": {
                    "max": 0.634999990463, 
                    "mean": 0.5501999974251, 
                    "min": 0.520000219345
                }, 
                "pypy": {
                    "max": 0.0155439376831, 
                    "mean": 0.005282902717591501, 
                    "min": 0.00402784347534
                }, 
                "pypy-nojit": {
                    "max": 0.369714021683, 
                    "mean": 0.30037497282024994, 
                    "min": 0.280377864838
                }
            }, 
            "machine": "922174a8388e0a2f", 
            "platform": "darwin", 
            "timestamp": "20150128125659"
        }, 
        {
            "engines": {
                "cpython": {
                    "max": 0.248012065887, 
                    "mean": 0.21295188665379997, 
                    "min": 0.188663959503
                }, 
                "d8+pypy": {
                    "max": 11.2250001431, 
                    "mean": 1.9625000000022503, 
                    "min": 0.827000141144
                }, 
                "d8+pypy-nojit": {
                    "max": 1.50999999046, 
                    "mean": 1.2746999979015001, 
                    "min": 1.22599983215
                }, 
                "js+pypy": {
                    "max": 2.91100001335, 
                    "mean": 0.398150002956585, 
                    "min": 0.0939998626709
                }, 
                "js+pypy-nojit": {
                    "max": 0.649000167847, 
                    "mean": 0.5650500059128001, 
                    "min": 0.52999997139
                }, 
                "pypy": {
                    "max": 0.0164511203766, 
                    "mean": 0.005061101913453999, 
                    "min": 0.00400400161743
                }, 
                "pypy-nojit": {
                    "max": 0.385074853897, 
                    "mean": 0.30483872890465, 
                    "min": 0.270684957504
                }
            }, 
            "machine": "922174a8388e0a2f", 
            "platform": "darwin", 
            "timestamp": "20150126201110"
        }, 
        {
            "engines": {
                "cpython": {
                    "max": 0.212882995605, 
                    "mean": 0.19135949611670003, 
                    "min": 0.179289102554
                }, 
                "d8+pypy": {
                    "max": 11.2250001431, 
                    "mean": 1.9625000000022503, 
                    "min": 0.827000141144
                }, 
                "d8+pypy-nojit": {
                    "max": 1.36299991608, 
                    "mean": 1.1960999846465001, 
                    "min": 1.15399980545
                }, 
                "js+pypy": {
                    "max": 2.7380001545, 
                    "mean": 0.36839998960476006, 
                    "min": 0.0869998931885
                }, 
                "js+pypy-nojit": {
                    "max": 0.588000059128, 
                    "mean": 0.49329999685299997, 
                    "min": 0.470999956131
                }, 
                "pypy": {
                    "max": 0.0099048614502, 
                    "mean": 0.004817175865173001, 
                    "min": 0.00405311584473
                }, 
                "pypy-nojit": {
                    "max": 0.308136224747, 
                    "mean": 0.27429288625715, 
                    "min": 0.265279054642
                }
            }, 
            "machine": "922174a8388e0a2f", 
            "platform": "darwin", 
            "timestamp": "20150122012852"
        }, 
        {
            "engines": {
                "cpython": {
                    "max": 0.211387872696, 
                    "mean": 0.18914190530769998, 
                    "min": 0.179644107819
                }, 
                "d8+pypy": {
                    "max": 11.2250001431, 
                    "mean": 1.9625000000022503, 
                    "min": 0.827000141144
                }, 
                "d8+pypy-nojit": {
                    "max": 1.35900020599, 
                    "mean": 1.1797999978065001, 
                    "min": 1.1320002079
                }, 
                "js+pypy": {
                    "max": 3.40799999237, 
                    "mean": 0.584650003910075, 
                    "min": 0.0839998722076
                }, 
                "js+pypy-nojit": {
                    "max": 0.546999931335, 
                    "mean": 0.4905500054358999, 
                    "min": 0.476000070572
                }, 
                "pypy": {
                    "max": 0.0147140026093, 
                    "mean": 0.0049864888191215005, 
                    "min": 0.00407695770264
                }, 
                "pypy-nojit": {
                    "max": 0.295686006546, 
                    "mean": 0.27448078393954994, 
                    "min": 0.259936094284
                }
            }, 
            "machine": "922174a8388e0a2f", 
            "platform": "darwin", 
            "timestamp": "20150121025735"
        }, 
        {
            "engines": {
                "cpython": {
                    "max": 0.216276884079, 
                    "mean": 0.19110395908360006, 
                    "min": 0.179097175598
                }, 
                "d8+pypy": {
                    "max": 11.2250001431, 
                    "mean": 1.9625000000022503, 
                    "min": 0.827000141144
                }, 
                "d8+pypy-nojit": {
                    "max": 1.38499999046, 
                    "mean": 1.2138499855995, 
                    "min": 1.17100000381
                }, 
                "js+pypy": {
                    "max": 3.53800010681, 
                    "mean": 0.5884999990467001, 
                    "min": 0.0829999446869
                }, 
                "js+pypy-nojit": {
                    "max": 0.608999967575, 
                    "mean": 0.5120499968530001, 
                    "min": 0.467000007629
                }, 
                "pypy": {
                    "max": 0.0126268863678, 
                    "mean": 0.005046260356906999, 
                    "min": 0.00406408309937
                }, 
                "pypy-nojit": {
                    "max": 0.342441797256, 
                    "mean": 0.2789100289345, 
                    "min": 0.260606050491
                }
            }, 
            "machine": "922174a8388e0a2f", 
            "platform": "darwin", 
            "timestamp": "20150120021450"
        }, 
        {
            "engines": {
                "cpython": {
                    "max": 0.224457025528, 
                    "mean": 0.20753378868109995, 
                    "min": 0.189800977707
                }, 
                "d8+pypy": {
                    "max": 11.2250001431, 
                    "mean": 1.9625000000022503, 
                    "min": 0.827000141144
                }, 
                "d8+pypy-nojit": {
                    "max": 2.27999997139, 
                    "mean": 1.6801499962799997,