{
    "values": [
        {
            "engines": {
                "cpython": {
                    "max": 0.216276884079, 
                    "mean": 0.19110395908360006, 
                    "min": 0.179097175598
                }, 
                "d8+pypy": {
                    "max": 11.2250001431, 
                    "mean": 1.9625000000022503, 
                    "min": 0.827000141144
                }, 
                "d8+pypy-nojit": {
                    "max": 1.38499999046, 
                    "mean": 1.2138499855995, 
                    "min": 1.17100000381
                }, 
                "js+pypy": {
                    "max": 3.53800010681, 
                    "mean": 0.5884999990467001, 
                    "min": 0.0829999446869
                }, 
                "js+pypy-nojit": {
                    "max": 0.608999967575, 
                    "mean": 0.5120499968530001, 
                    "min": 0.467000007629
                }, 
                "pypy": {
                    "max": 0.0126268863678, 
                    "mean": 0.005046260356906999, 
                    "min": 0.00406408309937
                }, 
                "pypy-nojit": {
                    "max": 0.342441797256, 
                    "mean": 0.2789100289345, 
                    "min": 0.260606050491
                }
            }, 
            "machine": "922174a8388e0a2f", 
            "timestamp": "20150120021450"
        }, 
        {
            "engines": {
                "cpython": {
                    "max": 0.224457025528, 
                    "mean": 0.20753378868109995, 
                    "min": 0.189800977707
                }, 
                "d8+pypy": {
                    "max": 11.2250001431, 
                    "mean": 1.9625000000022503, 
                    "min": 0.827000141144
                }, 
                "d8+pypy-nojit": {
                    "max": 2.27999997139, 
                    "mean": 1.6801499962799997, 
                    "min": 1.58500003815
                }, 
                "js+pypy": {
                    "max": 3.74500012398, 
                    "mean": 0.6375000000000349, 
                    "min": 0.0870001316071
                }, 
                "js+pypy-nojit": {
                    "max": 0.59600019455, 
                    "mean": 0.5537999868392001, 
                    "min": 0.52999997139
                }, 
                "pypy": {
                    "max": 0.0141520500183, 
                    "mean": 0.004929053783416499, 
                    "min": 0.00405406951904
                }, 
                "pypy-nojit": {
                    "max": 0.324794054031, 
                    "mean": 0.2998717188835999, 
                    "min": 0.279732942581
                }
            }, 
            "machine": "922174a8388e0a2f", 
            "timestamp": "20150115044117"
        }, 
        {
            "engines": {
                "cpython": {
                    "max": 0.348039865494, 
                    "mean": 0.26594961881635004, 
                    "min": 0.229127168655
                }, 
                "d8+pypy": {
                    "max": 11.6950001717, 
                    "mean": 2.14810001850295, 
                    "min": 0.868000030518
                }, 
                "d8+pypy-nojit": {
                    "max": 2.31100010872, 
                    "mean": 1.708749997616, 
                    "min": 1.61100006104
                }, 
                "js+pypy": {
                    "max": 4.01099991798, 
                    "mean": 0.6610000014301551, 
                    "min": 0.0859999656677
                }, 
                "js+pypy-nojit": {
                    "max": 0.634999990463, 
                    "mean": 0.58465000391015, 
                    "min": 0.546000003815
                }, 
                "pypy": {
                    "max": 0.0167829990387, 
                    "mean": 0.0065844893455504995, 
                    "min": 0.00484704971313
                }, 
                "pypy-nojit": {
                    "max": 0.56746506691, 
                    "mean": 0.3878176212311, 
                    "min": 0.31755900383
                }
            }, 
            "machine": "922174a8388e0a2f", 
            "timestamp": "20150113203542"
        }
    ]
}