{
    "values": [
        {
            "engines": {
                "cpython": {
                    "max": 0.342925071716, 
                    "mean": 0.28111733198165, 
                    "min": 0.253983020782
                }, 
                "d8+pypy": {
                    "max": 7.65599989891, 
                    "mean": 0.9338000059132948, 
                    "min": 0.074000120163
                }, 
                "d8+pypy-nojit": {
                    "max": 3.12599992752, 
                    "mean": 2.9392500042914995, 
                    "min": 2.84400010109
                }, 
                "js+pypy": {
                    "max": 0.830000162125, 
                    "mean": 0.23425000905985, 
                    "min": 0.118000030518
                }, 
                "js+pypy-nojit": {
                    "max": 1.25500011444, 
                    "mean": 1.083249998093, 
                    "min": 1.02899980545
                }, 
                "pypy": {
                    "max": 0.0692570209503, 
                    "mean": 0.01914614439009, 
                    "min": 0.0134260654449
                }, 
                "pypy-nojit": {
                    "max": 0.709632873535, 
                    "mean": 0.58800852298735, 
                    "min": 0.548448085785
                }
            }, 
            "machine": "922174a8388e0a2f", 
            "platform": "darwin", 
            "timestamp": "20150128125659"
        }, 
        {
            "engines": {
                "cpython": {
                    "max": 0.308374881744, 
                    "mean": 0.27310220003130004, 
                    "min": 0.245922803879
                }, 
                "d8+pypy": {
                    "max": 7.68300008774, 
                    "mean": 0.9537500023841448, 
                    "min": 0.0729999542236
                }, 
                "d8+pypy-nojit": {
                    "max": 3.1899998188, 
                    "mean": 2.8861000061035003, 
                    "min": 2.82299995422
                }, 
                "js+pypy": {
                    "max": 0.838000059128, 
                    "mean": 0.23349999189385007, 
                    "min": 0.121000051498
                }, 
                "js+pypy-nojit": {
                    "max": 1.23600006104, 
                    "mean": 1.0905500054354997, 
                    "min": 1.03900003433
                }, 
                "pypy": {
                    "max": 0.064120054245, 
                    "mean": 0.018532288074485002, 
                    "min": 0.0136709213257
                }, 
                "pypy-nojit": {
                    "max": 0.638887882233, 
                    "mean": 0.57753187417985, 
                    "min": 0.536231040955
                }
            }, 
            "machine": "922174a8388e0a2f", 
            "platform": "darwin", 
            "timestamp": "20150126201110"
        }, 
        {
            "engines": {
                "cpython": {
                    "max": 0.286785125732, 
                    "mean": 0.24937155246729997, 
                    "min": 0.234192848206
                }, 
                "d8+pypy": {
                    "max": 6.98600006104, 
                    "mean": 0.8759999990452249, 
                    "min": 0.0709998607635
                }, 
                "d8+pypy-nojit": {
                    "max": 2.98399996758, 
                    "mean": 2.6774999976165, 
                    "min": 2.62299990654
                }, 
                "js+pypy": {
                    "max": 0.787000179291, 
                    "mean": 0.21704999208450002, 
                    "min": 0.117000102997
                }, 
                "js+pypy-nojit": {
                    "max": 1.27600002289, 
                    "mean": 1.0619499921805002, 
                    "min": 1.01900005341
                }, 
                "pypy": {
                    "max": 0.0651750564575, 
                    "mean": 0.016809773445129995, 
                    "min": 0.0137619972229
                }, 
                "pypy-nojit": {
                    "max": 0.678141117096, 
                    "mean": 0.5773946404457001, 
                    "min": 0.545144081116
                }
            }, 
            "machine": "922174a8388e0a2f", 
            "platform": "darwin", 
            "timestamp": "20150122012852"
        }, 
        {
            "engines": {
                "cpython": {
                    "max": 0.303891897202, 
                    "mean": 0.24515653848655, 
                    "min": 0.23500585556
                }, 
                "d8+pypy": {
                    "max": 8.02999997139, 
                    "mean": 1.1167500019072902, 
                    "min": 0.0709998607635
                }, 
                "d8+pypy-nojit": {
                    "max": 2.85599994659, 
                    "mean": 2.6629000067704998, 
                    "min": 2.58200001717
                }, 
                "js+pypy": {
                    "max": 1.09099984169, 
                    "mean": 0.26875000000005, 
                    "min": 0.111000061035
                }, 
                "js+pypy-nojit": {
                    "max": 1.13899993896, 
                    "mean": 0.9998499989510001, 
                    "min": 0.978000164032
                }, 
                "pypy": {
                    "max": 0.0617091655731, 
                    "mean": 0.016671121120454997, 
                    "min": 0.0136148929596
                }, 
                "pypy-nojit": {
                    "max": 0.70188498497, 
                    "mean": 0.57008494138715, 
                    "min": 0.551316976547
                }
            }, 
            "machine": "922174a8388e0a2f", 
            "platform": "darwin", 
            "timestamp": "20150121025735"
        }, 
        {
            "engines": {
                "cpython": {
                    "max": 0.278393983841, 
                    "mean": 0.24998931884770004, 
                    "min": 0.234340906143
                }, 
                "d8+pypy": {
                    "max": 6.25300002098, 
                    "mean": 1.15920000076295, 
                    "min": 0.162999868393
                }, 
                "d8+pypy-nojit": {
                    "max": 2.9240000248, 
                    "mean": 2.780150008202, 
                    "min": 2.66399979591
                }, 
                "js+pypy": {
                    "max": 1.24300003052, 
                    "mean": 0.2961500048639, 
                    "min": 0.116000175476
                }, 
                "js+pypy-nojit": {
                    "max": 1.20000004768, 
                    "mean": 1.0512000083925, 
                    "min": 1.02300000191
                }, 
                "pypy": {
                    "max": 0.0615918636322, 
                    "mean": 0.01784740686415, 
                    "min": 0.0138518810272
                }, 
                "pypy-nojit": {
                    "max": 0.671731948853, 
                    "mean": 0.5801665544509, 
                    "min": 0.548775911331
                }
            }, 
            "machine": "922174a8388e0a2f", 
            "platform": "darwin", 
            "timestamp": "20150120021450"
        }, 
        {
            "engines": {
                "cpython": {
                    "max": 0.295226097107, 
                    "mean": 0.2702487587927999, 
                    "min": 0.245553970337
                }, 
                "d8+pypy": {
                    "max": 6.25300002098, 
                    "mean": 1.15920000076295, 
                    "min": 0.162999868393
                }, 
                "d8+pypy-nojit": {
                    "max": 6.48400020599, 
                    "mean": 3.8785999894145013, 
                    "min": 3.59999990463
                },