{
    "values": [
        {
            "engines": {
                "cpython": {
                    "max": 0.334374904633, 
                    "mean": 0.281055355072, 
                    "min": 0.2648229599
                }, 
                "d8+pypy": {
                    "max": 5.8599998951, 
                    "mean": 0.5680499911311052, 
                    "min": 0.0840001106262
                }, 
                "d8+pypy-nojit": {
                    "max": 3.69199991226, 
                    "mean": 3.036899995803, 
                    "min": 2.98099994659
                }, 
                "js+pypy": {
                    "max": 0.650000095367, 
                    "mean": 0.20069999694825, 
                    "min": 0.12099981308
                }, 
                "js+pypy-nojit": {
                    "max": 1.29400014877, 
                    "mean": 1.1565999984730002, 
                    "min": 1.11000013351
                }, 
                "pypy": {
                    "max": 0.0764842033386, 
                    "mean": 0.01905902624129, 
                    "min": 0.0134561061859
                }, 
                "pypy-nojit": {
                    "max": 0.664268016815, 
                    "mean": 0.5993373036383998, 
                    "min": 0.572546005249
                }
            }, 
            "machine": "922174a8388e0a2f", 
            "platform": "darwin", 
            "timestamp": "20150202005200"
        }, 
        {
            "engines": {
                "cpython": {
                    "max": 0.314585924149, 
                    "mean": 0.28762856721885, 
                    "min": 0.256045103073
                }, 
                "d8+pypy": {
                    "max": 7.70499992371, 
                    "mean": 0.9349000096319948, 
                    "min": 0.076000213623
                }, 
                "d8+pypy-nojit": {
                    "max": 3.61400008202, 
                    "mean": 3.0392999887465, 
                    "min": 2.96000003815
                }, 
                "js+pypy": {
                    "max": 0.858000040054, 
                    "mean": 0.23350000381474997, 
                    "min": 0.12700009346
                }, 
                "js+pypy-nojit": {
                    "max": 1.25199985504, 
                    "mean": 1.1197000026705, 
                    "min": 1.09100008011
                }, 
                "pypy": {
                    "max": 0.061704158783, 
                    "mean": 0.018847143650060003, 
                    "min": 0.0137400627136
                }, 
                "pypy-nojit": {
                    "max": 0.760807037354, 
                    "mean": 0.6013524651528, 
                    "min": 0.57053399086
                }
            }, 
            "machine": "922174a8388e0a2f", 
            "platform": "darwin", 
            "timestamp": "20150130205653"
        }, 
        {
            "engines": {
                "cpython": {
                    "max": 0.342925071716, 
                    "mean": 0.28111733198165, 
                    "min": 0.253983020782
                }, 
                "d8+pypy": {
                    "max": 7.65599989891, 
                    "mean": 0.9338000059132948, 
                    "min": 0.074000120163
                }, 
                "d8+pypy-nojit": {
                    "max": 3.12599992752, 
                    "mean": 2.9392500042914995, 
                    "min": 2.84400010109
                }, 
                "js+pypy": {
                    "max": 0.830000162125, 
                    "mean": 0.23425000905985, 
                    "min": 0.118000030518
                }, 
                "js+pypy-nojit": {
                    "max": 1.25500011444, 
                    "mean": 1.083249998093, 
                    "min": 1.02899980545
                }, 
                "pypy": {
                    "max": 0.0692570209503, 
                    "mean": 0.01914614439009, 
                    "min": 0.0134260654449
                }, 
                "pypy-nojit": {
                    "max": 0.709632873535, 
                    "mean": 0.58800852298735, 
                    "min": 0.548448085785
                }
            }, 
            "machine": "922174a8388e0a2f", 
            "platform": "darwin", 
            "timestamp": "20150128125659"
        }, 
        {
            "engines": {
                "cpython": {
                    "max": 0.308374881744, 
                    "mean": 0.27310220003130004, 
                    "min": 0.245922803879
                }, 
                "d8+pypy": {
                    "max": 7.68300008774, 
                    "mean": 0.9537500023841448, 
                    "min": 0.0729999542236
                }, 
                "d8+pypy-nojit": {
                    "max": 3.1899998188, 
                    "mean": 2.8861000061035003, 
                    "min": 2.82299995422
                }, 
                "js+pypy": {
                    "max": 0.838000059128, 
                    "mean": 0.23349999189385007, 
                    "min": 0.121000051498
                }, 
                "js+pypy-nojit": {
                    "max": 1.23600006104, 
                    "mean": 1.0905500054354997, 
                    "min": 1.03900003433
                }, 
                "pypy": {
                    "max": 0.064120054245, 
                    "mean": 0.018532288074485002, 
                    "min": 0.0136709213257
                }, 
                "pypy-nojit": {
                    "max": 0.638887882233, 
                    "mean": 0.57753187417985, 
                    "min": 0.536231040955
                }
            }, 
            "machine": "922174a8388e0a2f", 
            "platform": "darwin", 
            "timestamp": "20150126201110"
        }, 
        {
            "engines": {
                "cpython": {
                    "max": 0.286785125732, 
                    "mean": 0.24937155246729997, 
                    "min": 0.234192848206
                }, 
                "d8+pypy": {
                    "max": 6.98600006104, 
                    "mean": 0.8759999990452249, 
                    "min": 0.0709998607635
                }, 
                "d8+pypy-nojit": {
                    "max": 2.98399996758, 
                    "mean": 2.6774999976165, 
                    "min": 2.62299990654
                }, 
                "js+pypy": {
                    "max": 0.787000179291, 
                    "mean": 0.21704999208450002, 
                    "min": 0.117000102997
                }, 
                "js+pypy-nojit": {
                    "max": 1.27600002289, 
                    "mean": 1.0619499921805002, 
                    "min": 1.01900005341
                }, 
                "pypy": {
                    "max": 0.0651750564575, 
                    "mean": 0.016809773445129995, 
                    "min": 0.0137619972229
                }, 
                "pypy-nojit": {
                    "max": 0.678141117096, 
                    "mean": 0.5773946404457001, 
                    "min": 0.545144081116
                }
            }, 
            "machine": "922174a8388e0a2f", 
            "platform": "darwin", 
            "timestamp": "20150122012852"
        }, 
        {
            "engines": {
                "cpython": {
                    "max": 0.303891897202, 
                    "mean": 0.24515653848655, 
                    "min": 0.23500585556
                }, 
                "d8+pypy": {
                    "max": 8.02999997139, 
                    "mean": 1.1167500019072902, 
                    "min": 0.0709998607635
                }, 
                "d8+pypy-nojit": {
                    "max": 2.85599994659, 
                    "mean": 2.6629000067704998, 
                    "min": 2.58200001717
                },