{
    "values": [
        {
            "engines": {
                "cpython": {
                    "max": 0.286785125732, 
                    "mean": 0.24937155246729997, 
                    "min": 0.234192848206
                }, 
                "d8+pypy": {
                    "max": 6.98600006104, 
                    "mean": 0.8759999990452249, 
                    "min": 0.0709998607635
                }, 
                "d8+pypy-nojit": {
                    "max": 2.98399996758, 
                    "mean": 2.6774999976165, 
                    "min": 2.62299990654
                }, 
                "js+pypy": {
                    "max": 0.787000179291, 
                    "mean": 0.21704999208450002, 
                    "min": 0.117000102997
                }, 
                "js+pypy-nojit": {
                    "max": 1.27600002289, 
                    "mean": 1.0619499921805002, 
                    "min": 1.01900005341
                }, 
                "pypy": {
                    "max": 0.0651750564575, 
                    "mean": 0.016809773445129995, 
                    "min": 0.0137619972229
                }, 
                "pypy-nojit": {
                    "max": 0.678141117096, 
                    "mean": 0.5773946404457001, 
                    "min": 0.545144081116
                }
            }, 
            "machine": "922174a8388e0a2f", 
            "platform": "darwin", 
            "timestamp": "20150122012852"
        }, 
        {
            "engines": {
                "cpython": {
                    "max": 0.303891897202, 
                    "mean": 0.24515653848655, 
                    "min": 0.23500585556
                }, 
                "d8+pypy": {
                    "max": 8.02999997139, 
                    "mean": 1.1167500019072902, 
                    "min": 0.0709998607635
                }, 
                "d8+pypy-nojit": {
                    "max": 2.85599994659, 
                    "mean": 2.6629000067704998, 
                    "min": 2.58200001717
                }, 
                "js+pypy": {
                    "max": 1.09099984169, 
                    "mean": 0.26875000000005, 
                    "min": 0.111000061035
                }, 
                "js+pypy-nojit": {
                    "max": 1.13899993896, 
                    "mean": 0.9998499989510001, 
                    "min": 0.978000164032
                }, 
                "pypy": {
                    "max": 0.0617091655731, 
                    "mean": 0.016671121120454997, 
                    "min": 0.0136148929596
                }, 
                "pypy-nojit": {
                    "max": 0.70188498497, 
                    "mean": 0.57008494138715, 
                    "min": 0.551316976547
                }
            }, 
            "machine": "922174a8388e0a2f", 
            "platform": "darwin", 
            "timestamp": "20150121025735"
        }, 
        {
            "engines": {
                "cpython": {
                    "max": 0.278393983841, 
                    "mean": 0.24998931884770004, 
                    "min": 0.234340906143
                }, 
                "d8+pypy": {
                    "max": 6.25300002098, 
                    "mean": 1.15920000076295, 
                    "min": 0.162999868393
                }, 
                "d8+pypy-nojit": {
                    "max": 2.9240000248, 
                    "mean": 2.780150008202, 
                    "min": 2.66399979591
                }, 
                "js+pypy": {
                    "max": 1.24300003052, 
                    "mean": 0.2961500048639, 
                    "min": 0.116000175476
                }, 
                "js+pypy-nojit": {
                    "max": 1.20000004768, 
                    "mean": 1.0512000083925, 
                    "min": 1.02300000191
                }, 
                "pypy": {
                    "max": 0.0615918636322, 
                    "mean": 0.01784740686415, 
                    "min": 0.0138518810272
                }, 
                "pypy-nojit": {
                    "max": 0.671731948853, 
                    "mean": 0.5801665544509, 
                    "min": 0.548775911331
                }
            }, 
            "machine": "922174a8388e0a2f", 
            "platform": "darwin", 
            "timestamp": "20150120021450"
        }, 
        {
            "engines": {
                "cpython": {
                    "max": 0.295226097107, 
                    "mean": 0.2702487587927999, 
                    "min": 0.245553970337
                }, 
                "d8+pypy": {
                    "max": 6.25300002098, 
                    "mean": 1.15920000076295, 
                    "min": 0.162999868393
                }, 
                "d8+pypy-nojit": {
                    "max": 6.48400020599, 
                    "mean": 3.8785999894145013, 
                    "min": 3.59999990463
                }, 
                "js+pypy": {
                    "max": 1.24300003052, 
                    "mean": 0.2961500048639, 
                    "min": 0.116000175476
                }, 
                "js+pypy-nojit": {
                    "max": 1.20899987221, 
                    "mean": 1.1168500065815001, 
                    "min": 1.08100008965
                }, 
                "pypy": {
                    "max": 0.0614130496979, 
                    "mean": 0.018695306777955, 
                    "min": 0.0137619972229
                }, 
                "pypy-nojit": {
                    "max": 0.668159008026, 
                    "mean": 0.6320549964904, 
                    "min": 0.59854888916
                }
            }, 
            "machine": "922174a8388e0a2f", 
            "platform": "darwin", 
            "timestamp": "20150115044117"
        }, 
        {
            "engines": {
                "cpython": {
                    "max": 0.299533128738, 
                    "mean": 0.27256567478175003, 
                    "min": 0.254593133926
                }, 
                "d8+pypy": {
                    "max": 6.25300002098, 
                    "mean": 1.15920000076295, 
                    "min": 0.162999868393
                }, 
                "d8+pypy-nojit": {
                    "max": 6.52699995041, 
                    "mean": 3.8756000041950003, 
                    "min": 3.58099985123
                }, 
                "js+pypy": {
                    "max": 1.24300003052, 
                    "mean": 0.2961500048639, 
                    "min": 0.116000175476
                }, 
                "js+pypy-nojit": {
                    "max": 1.58200001717, 
                    "mean": 1.2518000006679997, 
                    "min": 1.15399980545
                }, 
                "pypy": {
                    "max": 0.0503058433533, 
                    "mean": 0.017840015888219995, 
                    "min": 0.0136079788208
                }, 
                "pypy-nojit": {
                    "max": 0.821154117584, 
                    "mean": 0.6266034841538002, 
                    "min": 0.57127404213
                }
            }, 
            "machine": "922174a8388e0a2f", 
            "platform": "darwin", 
            "timestamp": "20150113203542"
        }
    ]
}