{
    "values": [
        {
            "engines": {
                "d8+pypy": {
                    "max": 817.55, 
                    "mean": 500.7644749754662, 
                    "min": 375.63829787234044
                }, 
                "d8+pypy-nojit": {
                    "max": 373.9519650655022, 
                    "mean": 411.94516450648064, 
                    "min": 441.2043010752688
                }, 
                "js+pypy": {
                    "max": 75.72088353413655, 
                    "mean": 99.187915407855, 
                    "min": 95.07843137254902
                }, 
                "js+pypy-nojit": {
                    "max": 80.97416974169741, 
                    "mean": 97.47333333333334, 
                    "min": 84.20327868852459
                }
            }, 
            "machine": "922174a8388e0a2f", 
            "platform": "darwin", 
            "timestamp": "20150307165937"
        }, 
        {
            "engines": {
                "d8+pypy": {
                    "max": 636.2322580645161, 
                    "mean": 523.9887869520896, 
                    "min": 386.5
                }, 
                "d8+pypy-nojit": {
                    "max": 362.35897435897436, 
                    "mean": 413.38606965174125, 
                    "min": 443.03743315508024
                }, 
                "js+pypy": {
                    "max": 101.2078947368421, 
                    "mean": 99.6491745283019, 
                    "min": 92.265625
                }, 
                "js+pypy-nojit": {
                    "max": 104.02902374670184, 
                    "mean": 94.59064327485382, 
                    "min": 81.5943396226415
                }
            }, 
            "machine": "922174a8388e0a2f", 
            "platform": "darwin", 
            "timestamp": "20150307060015"
        }
    ]
}