{
    "values": [
        {
            "engines": {
                "d8+pypy": {
                    "max": 864.5361842105264, 
                    "mean": 456.27233115468397, 
                    "min": 168.66279069767444
                }, 
                "d8+pypy-nojit": {
                    "max": 57.23097826086956, 
                    "mean": 111.12882096069872, 
                    "min": 116.66279069767442
                }, 
                "js+pypy": {
                    "max": 83.24493927125506, 
                    "mean": 118.96423927178155, 
                    "min": 111.67241379310344
                }, 
                "js+pypy-nojit": {
                    "max": 91.67065868263472, 
                    "mean": 82.06598334401026, 
                    "min": 71.11486486486487
                }
            }, 
            "machine": "922174a8388e0a2f", 
            "platform": "darwin", 
            "timestamp": "20150701043903"
        }, 
        {
            "engines": {
                "d8+pypy": {
                    "max": 1266.5915032679738, 
                    "mean": 575.0652818991098, 
                    "min": 171.82631578947368
                }, 
                "d8+pypy-nojit": {
                    "max": 67.53799392097264, 
                    "mean": 105.73401015228426, 
                    "min": 108.79679144385027
                }, 
                "js+pypy": {
                    "max": 130.1585014409222, 
                    "mean": 123.28296019900499, 
                    "min": 118.56902356902359
                }, 
                "js+pypy-nojit": {
                    "max": 96.98, 
                    "mean": 83.79715522572666, 
                    "min": 72.73114754098361
                }
            }, 
            "machine": "922174a8388e0a2f", 
            "platform": "darwin", 
            "timestamp": "20150623064917"
        }, 
        {
            "engines": {
                "d8+pypy": {
                    "max": 1810.3451327433627, 
                    "mean": 643.9670658682633, 
                    "min": 218.54497354497354
                }, 
                "d8+pypy-nojit": {
                    "max": 136.54661016949154, 
                    "mean": 148.7264705882353, 
                    "min": 154.0360824742268
                }, 
                "js+pypy": {
                    "max": 95.73523421588595, 
                    "mean": 119.61780415430266, 
                    "min": 113.40752351097179
                }, 
                "js+pypy-nojit": {
                    "max": 69.6829268292683, 
                    "mean": 85.76913946587537, 
                    "min": 76.03492063492064
                }
            }, 
            "machine": "922174a8388e0a2f", 
            "platform": "darwin", 
            "timestamp": "20150612181743"
        }, 
        {
            "engines": {
                "d8+pypy": {
                    "max": 1437.8339100346022, 
                    "mean": 620.0098039215684, 
                    "min": 177.0388888888889
                }, 
                "d8+pypy-nojit": {
                    "max": 130.34513274336283, 
                    "mean": 138.60717846460616, 
                    "min": 148.9289617486339
                }, 
                "js+pypy": {
                    "max": 97.95541401273886, 
                    "mean": 119.93145654834758, 
                    "min": 110.43769968051119
                }, 
                "js+pypy-nojit": {
                    "max": 70.97204301075269, 
                    "mean": 86.25744416873448, 
                    "min": 74.1516129032258
                }
            }, 
            "machine": "922174a8388e0a2f", 
            "platform": "darwin", 
            "timestamp": "20150602144008"
        }, 
        {
            "engines": {
                "d8+pypy": {
                    "max": 1740.28102189781, 
                    "mean": 668.1982421875, 
                    "min": 226.6290322580645
                }, 
                "d8+pypy-nojit": {
                    "max": 154.93040293040292, 
                    "mean": 163.42987249544632, 
                    "min": 166.85784313725492
                }, 
                "js+pypy": {
                    "max": 97.97628458498023, 
                    "mean": 117.47214561500276, 
                    "min": 115.15454545454544
                }, 
                "js+pypy-nojit": {
                    "max": 84.00692041522491, 
                    "mean": 99.29638273045505, 
                    "min": 86.28834355828221
                }
            }, 
            "machine": "922174a8388e0a2f", 
            "platform": "darwin", 
            "timestamp": "20150522123705"
        }, 
        {
            "engines": {
                "d8+pypy": {
                    "max": 1720.1255060728745, 
                    "mean": 609.1347517730494, 
                    "min": 188.58988764044946
                }, 
                "d8+pypy-nojit": {
                    "max": 147.96412556053812, 
                    "mean": 155.3383534136546, 
                    "min": 165.1868131868132
                }, 
                "js+pypy": {
                    "max": 85.2019417475728, 
                    "mean": 111.17074592074592, 
                    "min": 106.4192546583851
                }, 
                "js+pypy-nojit": {
                    "max": 74.55809128630705, 
                    "mean": 82.56141402037147, 
                    "min": 70.01857585139318
                }
            }, 
            "machine": "922174a8388e0a2f", 
            "platform": "darwin", 
            "timestamp": "20150520162506"
        }, 
        {
            "engines": {
                "d8+pypy": {
                    "max": 1408.7893333333334, 
                    "mean": 492.9723926380367, 
                    "min": 146.62857142857143
                }, 
                "d8+pypy-nojit": {
                    "max": 237.31649831649835, 
                    "mean": 177.65673981191225, 
                    "min": 181.39662447257385
                }, 
                "js+pypy": {
                    "max": 64.28097560975611, 
                    "mean": 114.48632359758925, 
                    "min": 110.53826530612245
                }, 
                "js+pypy-nojit": {
                    "max": 36.6140350877193, 
                    "mean": 68.32363977485929, 
                    "min": 59.66502463054187
                }
            }, 
            "machine": "922174a8388e0a2f", 
            "platform": "darwin", 
            "timestamp": "20150518222212"
        }, 
        {
            "engines": {
                "d8+pypy": {
                    "max": 1449.9255952380952, 
                    "mean": 611.150451354062, 
                    "min": 181.85245901639345
                }, 
                "d8+pypy-nojit": {
                    "max": 112.55821917808218, 
                    "mean": 156.24284304047387, 
                    "min": 159.88020833333331
                }, 
                "js+pypy": {
                    "max": 132.6086956521739, 
                    "mean": 113.28799526907157, 
                    "min": 108.20872274143302
                }, 
                "js+pypy-nojit": {
                    "max": 96.36944444444444, 
                    "mean": 82.27700663850331, 
                    "min": 68.85185185185185
                }
            }, 
            "machine": "922174a8388e0a2f", 
            "platform": "darwin", 
            "timestamp": "20150517213546"
        }, 
        {
            "engines": {
                "d8+pypy": {
                    "max": 1923.8057553956833, 
                    "mean": 1008.6885090218423, 
                    "min": 559.3535353535353
                }, 
                "d8+pypy-nojit": {
                    "max": 376.84150943396224, 
                    "mean": 449.9585253456221,