{
    "values": [
        {
            "engines": {
                "d8+pypy": {
                    "max": 863.7713004484306, 
                    "mean": 506.01827411167505, 
                    "min": 375.89729729729726
                }, 
                "d8+pypy-nojit": {
                    "max": 357.73275862068965, 
                    "mean": 398.0985365853659, 
                    "min": 432.35294117647055
                }, 
                "js+pypy": {
                    "max": 81.34408602150538, 
                    "mean": 98.54321728691477, 
                    "min": 92.94516129032257
                }, 
                "js+pypy-nojit": {
                    "max": 83.26271186440678, 
                    "mean": 95.51789976133651, 
                    "min": 81.48101265822785
                }
            }, 
            "machine": "922174a8388e0a2f", 
            "platform": "darwin", 
            "timestamp": "20150314070531"
        }, 
        {
            "engines": {
                "d8+pypy": {
                    "max": 652.3322259136213, 
                    "mean": 482.21002838221386, 
                    "min": 354.9545454545455
                }, 
                "d8+pypy-nojit": {
                    "max": 262.70820668693005, 
                    "mean": 404.8095693779904, 
                    "min": 441.5235602094241
                }, 
                "js+pypy": {
                    "max": 102.44772117962466, 
                    "mean": 99.70560190703219, 
                    "min": 94.40776699029126
                }, 
                "js+pypy-nojit": {
                    "max": 104.04392764857882, 
                    "mean": 96.84991171277221, 
                    "min": 83.53627760252367
                }
            }, 
            "machine": "922174a8388e0a2f", 
            "platform": "darwin", 
            "timestamp": "20150308144610"
        }, 
        {
            "engines": {
                "d8+pypy": {
                    "max": 817.55, 
                    "mean": 500.7644749754662, 
                    "min": 375.63829787234044
                }, 
                "d8+pypy-nojit": {
                    "max": 373.9519650655022, 
                    "mean": 411.94516450648064, 
                    "min": 441.2043010752688
                }, 
                "js+pypy": {
                    "max": 75.72088353413655, 
                    "mean": 99.187915407855, 
                    "min": 95.07843137254902
                }, 
                "js+pypy-nojit": {
                    "max": 80.97416974169741, 
                    "mean": 97.47333333333334, 
                    "min": 84.20327868852459
                }
            }, 
            "machine": "922174a8388e0a2f", 
            "platform": "darwin", 
            "timestamp": "20150307165937"
        }, 
        {
            "engines": {
                "d8+pypy": {
                    "max": 636.2322580645161, 
                    "mean": 523.9887869520896, 
                    "min": 386.5
                }, 
                "d8+pypy-nojit": {
                    "max": 362.35897435897436, 
                    "mean": 413.38606965174125, 
                    "min": 443.03743315508024
                }, 
                "js+pypy": {
                    "max": 101.2078947368421, 
                    "mean": 99.6491745283019, 
                    "min": 92.265625
                }, 
                "js+pypy-nojit": {
                    "max": 104.02902374670184, 
                    "mean": 94.59064327485382, 
                    "min": 81.5943396226415
                }
            }, 
            "machine": "922174a8388e0a2f", 
            "platform": "darwin", 
            "timestamp": "20150307060015"
        }
    ]
}