{
    "values": [
        {
            "engines": {
                "d8+pypy": {
                    "max": 1923.8057553956833, 
                    "mean": 1008.6885090218423, 
                    "min": 559.3535353535353
                }, 
                "d8+pypy-nojit": {
                    "max": 376.84150943396224, 
                    "mean": 449.9585253456221, 
                    "min": 484.18999999999994
                }, 
                "js+pypy": {
                    "max": 69.87780898876404, 
                    "mean": 121.38360842344903, 
                    "min": 112.18991097922847
                }, 
                "js+pypy-nojit": {
                    "max": 58.38416422287389, 
                    "mean": 94.11560364464692, 
                    "min": 82.43543543543544
                }
            }, 
            "machine": "922174a8388e0a2f", 
            "platform": "darwin", 
            "timestamp": "20150513124516"
        }, 
        {
            "engines": {
                "d8+pypy": {
                    "max": 2267.238297872341, 
                    "mean": 946.4675072744907, 
                    "min": 482.38341968911914
                }, 
                "d8+pypy-nojit": {
                    "max": 388.6638297872341, 
                    "mean": 425.1303520456708, 
                    "min": 452.1224489795918
                }, 
                "js+pypy": {
                    "max": 92.71314741035857, 
                    "mean": 122.9834905660377, 
                    "min": 119.28525641025641
                }, 
                "js+pypy-nojit": {
                    "max": 81.17296222664015, 
                    "mean": 91.09284890426758, 
                    "min": 75.02167182662538
                }
            }, 
            "machine": "922174a8388e0a2f", 
            "platform": "darwin", 
            "timestamp": "20150503170957"
        }, 
        {
            "engines": {
                "d8+pypy": {
                    "max": 2042.887323943662, 
                    "mean": 898.3359030837004, 
                    "min": 463.09999999999997
                }, 
                "d8+pypy-nojit": {
                    "max": 367.5633802816901, 
                    "mean": 420.8506637168141, 
                    "min": 443.9122807017544
                }, 
                "js+pypy": {
                    "max": 93.7568710359408, 
                    "mean": 118.7583807716635, 
                    "min": 112.23630136986303
                }, 
                "js+pypy-nojit": {
                    "max": 68.11708253358924, 
                    "mean": 90.24232527759635, 
                    "min": 77.6631205673759
                }
            }, 
            "machine": "922174a8388e0a2f", 
            "platform": "darwin", 
            "timestamp": "20150420114205"
        }, 
        {
            "engines": {
                "d8+pypy": {
                    "max": 2119.923423423423, 
                    "mean": 906.9879275653924, 
                    "min": 477.4918918918919
                }, 
                "d8+pypy-nojit": {
                    "max": 388.2368421052631, 
                    "mean": 423.56603773584914, 
                    "min": 438.74869109947645
                }, 
                "js+pypy": {
                    "max": 99.75203252032522, 
                    "mean": 120.44594594594595, 
                    "min": 117.24350649350649
                }, 
                "js+pypy-nojit": {
                    "max": 77.4839357429719, 
                    "mean": 92.18783542039354, 
                    "min": 78.92182410423453
                }
            }, 
            "machine": "922174a8388e0a2f", 
            "platform": "darwin", 
            "timestamp": "20150419120147"
        }, 
        {
            "engines": {
                "d8+pypy": {
                    "max": 2173.2048780487808, 
                    "mean": 913.1555793991417, 
                    "min": 478.65517241379314
                }, 
                "d8+pypy-nojit": {
                    "max": 356.39130434782606, 
                    "mean": 433.73311546840944, 
                    "min": 464.235294117647
                }, 
                "js+pypy": {
                    "max": 134.4707602339181, 
                    "mean": 126.46858974358973, 
                    "min": 116.39730639730641
                }, 
                "js+pypy-nojit": {
                    "max": 77.62008733624454, 
                    "mean": 91.82075471698116, 
                    "min": 75.48844884488449
                }
            }, 
            "machine": "922174a8388e0a2f", 
            "platform": "darwin", 
            "timestamp": "20150412071859"
        }, 
        {
            "engines": {
                "d8+pypy": {
                    "max": 1956.8371040723982, 
                    "mean": 869.4734561213436, 
                    "min": 448.5964912280701
                }, 
                "d8+pypy-nojit": {
                    "max": 259.42372881355936, 
                    "mean": 402.5652654867257, 
                    "min": 418.15294117647056
                }, 
                "js+pypy": {
                    "max": 100.30088495575221, 
                    "mean": 121.86386768447836, 
                    "min": 115.22711864406779
                }, 
                "js+pypy-nojit": {
                    "max": 87.10952380952381, 
                    "mean": 88.63863928112966, 
                    "min": 75.45486111111113
                }
            }, 
            "machine": "922174a8388e0a2f", 
            "platform": "darwin", 
            "timestamp": "20150407120540"
        }, 
        {
            "engines": {
                "d8+pypy": {
                    "max": 1420.755905511811, 
                    "mean": 996.697219361483, 
                    "min": 487.195530726257
                }, 
                "d8+pypy-nojit": {
                    "max": 379.3497757847534, 
                    "mean": 408.0929292929292, 
                    "min": 428.66310160427804
                }, 
                "js+pypy": {
                    "max": 134.27094972067042, 
                    "mean": 122.66806470940685, 
                    "min": 114.73566878980893
                }, 
                "js+pypy-nojit": {
                    "max": 101.0, 
                    "mean": 89.38817005545286, 
                    "min": 75.05194805194805
                }
            }, 
            "machine": "922174a8388e0a2f", 
            "platform": "darwin", 
            "timestamp": "20150324151552"
        }, 
        {
            "engines": {
                "d8+pypy": {
                    "max": 362.44878957169453, 
                    "mean": 367.83698830409367, 
                    "min": 288.788844621514
                }, 
                "d8+pypy-nojit": {
                    "max": 405.3780918727915, 
                    "mean": 435.67056530214427, 
                    "min": 445.5129533678756
                }, 
                "js+pypy": {
                    "max": 72.3109756097561, 
                    "mean": 68.65852575488455, 
                    "min": 64.61084905660377
                }, 
                "js+pypy-nojit": {
                    "max": 46.125461254612546, 
                    "mean": 66.7791273054431, 
                    "min": 61.246786632390744
                }
            }, 
            "machine": "922174a8388e0a2f", 
            "platform": "darwin", 
            "timestamp": "20150318162650"
        }, 
        {
            "engines": {
                "d8+pypy": {
                    "max": 661.5360824742269, 
                    "mean": 492.0373647984269, 
                    "min": 363.81151832460733
                }, 
                "d8+pypy-nojit": {
                    "max": 390.20737327188937, 
                    "mean": 408.486083499006,