{
    "values": [
        {
            "engines": {
                "d8+pypy": {
                    "max": 636.2322580645161, 
                    "mean": 523.9887869520896, 
                    "min": 386.5
                }, 
                "d8+pypy-nojit": {
                    "max": 362.35897435897436, 
                    "mean": 413.38606965174125, 
                    "min": 443.03743315508024
                }, 
                "js+pypy": {
                    "max": 101.2078947368421, 
                    "mean": 99.6491745283019, 
                    "min": 92.265625
                }, 
                "js+pypy-nojit": {
                    "max": 104.02902374670184, 
                    "mean": 94.59064327485382, 
                    "min": 81.5943396226415
                }
            }, 
            "machine": "922174a8388e0a2f", 
            "platform": "darwin", 
            "timestamp": "20150307060015"
        }
    ]
}