{
    "values": [
        {
            "engines": {
                "d8+pypy": {
                    "max": 556.4687475562499, 
                    "mean": 601.2799994146666, 
                    "min": 596.1739187652174
                }, 
                "d8+pypy-nojit": {
                    "max": 605.6363654848484, 
                    "mean": 722.2469117901235, 
                    "min": 807.6249957083334
                }, 
                "js+pypy": {
                    "max": 196.84210576526317, 
                    "mean": 233.95348704139536, 
                    "min": 210.92857633285715
                }, 
                "js+pypy-nojit": {
                    "max": 273.5555569333333, 
                    "mean": 325.95237663809525, 
                    "min": 320.9999891430769
                }
            }, 
            "machine": "922174a8388e0a2f", 
            "platform": "darwin", 
            "timestamp": "20150314070531"
        }, 
        {
            "engines": {
                "d8+pypy": {
                    "max": 543.918918918919, 
                    "mean": 656.0921041592105, 
                    "min": 627.8333365916667
                }, 
                "d8+pypy-nojit": {
                    "max": 642.9696950060606, 
                    "mean": 776.6329125506328, 
                    "min": 844.5833325374999
                }, 
                "js+pypy": {
                    "max": 185.54545532590913, 
                    "mean": 265.41462758707314, 
                    "min": 250.30768834615387
                }, 
                "js+pypy-nojit": {
                    "max": 286.36842024947373, 
                    "mean": 333.09091221181814, 
                    "min": 338.69229830230773
                }
            }, 
            "machine": "922174a8388e0a2f", 
            "platform": "darwin", 
            "timestamp": "20150308144610"
        }, 
        {
            "engines": {
                "d8+pypy": {
                    "max": 660.7857091071429, 
                    "mean": 671.8450734323943, 
                    "min": 631.043485973913
                }, 
                "d8+pypy-nojit": {
                    "max": 714.4666671766668, 
                    "mean": 827.2666645039998, 
                    "min": 893.4782587956521
                }, 
                "js+pypy": {
                    "max": 205.36843099105266, 
                    "mean": 263.7317006180488, 
                    "min": 248.07691574076927
                }, 
                "js+pypy-nojit": {
                    "max": 265.650010109, 
                    "mean": 339.5116273748838, 
                    "min": 344.38461523769234
                }
            }, 
            "machine": "922174a8388e0a2f", 
            "platform": "darwin", 
            "timestamp": "20150307165937"
        }, 
        {
            "engines": {
                "d8+pypy": {
                    "max": 568.818186269697, 
                    "mean": 594.3703710296297, 
                    "min": 609.4583272916666
                }, 
                "d8+pypy-nojit": {
                    "max": 578.4594626027027, 
                    "mean": 710.0941153141176, 
                    "min": 767.1923087192308
                }, 
                "js+pypy": {
                    "max": 221.600008011, 
                    "mean": 241.34090813727272, 
                    "min": 246.53845567000002
                }, 
                "js+pypy-nojit": {
                    "max": 248.0952399119047, 
                    "mean": 285.24000167860004, 
                    "min": 291.4000034333334
                }
            }, 
            "machine": "922174a8388e0a2f", 
            "platform": "darwin", 
            "timestamp": "20150307060015"
        }
    ]
}