{
    "values": [
        {
            "engines": {
                "d8+pypy": {
                    "max": 568.818186269697, 
                    "mean": 594.3703710296297, 
                    "min": 609.4583272916666
                }, 
                "d8+pypy-nojit": {
                    "max": 578.4594626027027, 
                    "mean": 710.0941153141176, 
                    "min": 767.1923087192308
                }, 
                "js+pypy": {
                    "max": 221.600008011, 
                    "mean": 241.34090813727272, 
                    "min": 246.53845567000002
                }, 
                "js+pypy-nojit": {
                    "max": 248.0952399119047, 
                    "mean": 285.24000167860004, 
                    "min": 291.4000034333334
                }
            }, 
            "machine": "922174a8388e0a2f", 
            "platform": "darwin", 
            "timestamp": "20150307060015"
        }
    ]
}