{
    "values": [
        {
            "engines": {
                "d8+pypy": {
                    "max": 120.19999821966667, 
                    "mean": 113.4583353997222, 
                    "min": 95.9999975952174
                }, 
                "d8+pypy-nojit": {
                    "max": 183.875001966875, 
                    "mean": 234.93055502569442, 
                    "min": 236.30434533826087
                }, 
                "js+pypy": {
                    "max": 237.77777618833332, 
                    "mean": 278.116276097907, 
                    "min": 267.85714285714283
                }, 
                "js+pypy-nojit": {
                    "max": 204.5263114726316, 
                    "mean": 260.7560971887805, 
                    "min": 253.53846183153848
                }
            }, 
            "machine": "922174a8388e0a2f", 
            "platform": "darwin", 
            "timestamp": "20150701043903"
        }, 
        {
            "engines": {
                "d8+pypy": {
                    "max": 134.87096755741933, 
                    "mean": 111.44155960584416, 
                    "min": 98.6521762352174
                }, 
                "d8+pypy-nojit": {
                    "max": 182.11765149058823, 
                    "mean": 251.92957864690135, 
                    "min": 254.00000033173916
                }, 
                "js+pypy": {
                    "max": 242.16666486555556, 
                    "mean": 274.2954546754546, 
                    "min": 269.28571292357145
                }, 
                "js+pypy-nojit": {
                    "max": 266.18750393375, 
                    "mean": 287.49999403949994, 
                    "min": 276.23075705307696
                }
            }, 
            "machine": "922174a8388e0a2f", 
            "platform": "darwin", 
            "timestamp": "20150623064917"
        }, 
        {
            "engines": {
                "d8+pypy": {
                    "max": 136.181816910303, 
                    "mean": 131.91999753319996, 
                    "min": 112.12499936416665
                }, 
                "d8+pypy-nojit": {
                    "max": 211.1818212451515, 
                    "mean": 218.14772757625, 
                    "min": 224.48148550814815
                }, 
                "js+pypy": {
                    "max": 238.68420249526315, 
                    "mean": 302.9285726092858, 
                    "min": 308.07691354
                }, 
                "js+pypy-nojit": {
                    "max": 213.27273412181822, 
                    "mean": 274.76744319116284, 
                    "min": 264.9285793307143
                }
            }, 
            "machine": "922174a8388e0a2f", 
            "platform": "darwin", 
            "timestamp": "20150612181743"
        }, 
        {
            "engines": {
                "d8+pypy": {
                    "max": 96.97872527106382, 
                    "mean": 115.67857151940478, 
                    "min": 98.33334110407407
                }, 
                "d8+pypy-nojit": {
                    "max": 227.33333905533334, 
                    "mean": 243.46753529142853, 
                    "min": 266.26087271652176
                }, 
                "js+pypy": {
                    "max": 171.11111570296296, 
                    "mean": 263.1914869268085, 
                    "min": 280.14285223857144
                }, 
                "js+pypy-nojit": {
                    "max": 255.55555025722222, 
                    "mean": 284.1162792472093, 
                    "min": 289.9999959128572
                }
            }, 
            "machine": "922174a8388e0a2f", 
            "platform": "darwin", 
            "timestamp": "20150602144008"
        }, 
        {
            "engines": {
                "d8+pypy": {
                    "max": 167.65853835317074, 
                    "mean": 174.0274004739726, 
                    "min": 154.69564562260868
                }, 
                "d8+pypy-nojit": {
                    "max": 371.906250715625, 
                    "mean": 276.6666686398851, 
                    "min": 302.42308286538463
                }, 
                "js+pypy": {
                    "max": 196.766670545, 
                    "mean": 281.5882364907843, 
                    "min": 318.0714334757143
                }, 
                "js+pypy-nojit": {
                    "max": 281.36841874368423, 
                    "mean": 298.3720857041861, 
                    "min": 292.85713604499995
                }
            }, 
            "machine": "922174a8388e0a2f", 
            "platform": "darwin", 
            "timestamp": "20150522123705"
        }, 
        {
            "engines": {
                "d8+pypy": {
                    "max": 168.10344827586206, 
                    "mean": 155.2394343094366, 
                    "min": 135.43478302347827
                }, 
                "d8+pypy-nojit": {
                    "max": 219.97059092794115, 
                    "mean": 264.31249976162496, 
                    "min": 285.9583298366666
                }, 
                "js+pypy": {
                    "max": 243.49999427777783, 
                    "mean": 263.8936144240426, 
                    "min": 278.85712896071425
                }, 
                "js+pypy-nojit": {
                    "max": 235.68420661105262, 
                    "mean": 257.38298132063835, 
                    "min": 254.333337148
                }
            }, 
            "machine": "922174a8388e0a2f", 
            "platform": "darwin", 
            "timestamp": "20150520162506"
        }, 
        {
            "engines": {
                "d8+pypy": {
                    "max": 136.9347831478261, 
                    "mean": 151.87234066904256, 
                    "min": 133.17241339862068
                }, 
                "d8+pypy-nojit": {
                    "max": 343.5454585333333, 
                    "mean": 338.6860475983721, 
                    "min": 349.03703795555555
                }, 
                "js+pypy": {
                    "max": 123.82978581361702, 
                    "mean": 239.8125007748438, 
                    "min": 239.26315809526315
                }, 
                "js+pypy-nojit": {
                    "max": 265.8260905226087, 
                    "mean": 316.65306188612243, 
                    "min": 315.5333360033334
                }
            }, 
            "machine": "922174a8388e0a2f", 
            "platform": "darwin", 
            "timestamp": "20150518222212"
        }, 
        {
            "engines": {
                "d8+pypy": {
                    "max": 133.8947383981579, 
                    "mean": 125.65115995186049, 
                    "min": 120.27999877919999
                }, 
                "d8+pypy-nojit": {
                    "max": 253.12903619580644, 
                    "mean": 286.74667040519995, 
                    "min": 307.13044042173914
                }, 
                "js+pypy": {
                    "max": 252.44443946388893, 
                    "mean": 281.8863662809091, 
                    "min": 299.5384656469231
                }, 
                "js+pypy-nojit": {
                    "max": 236.6666661366667, 
                    "mean": 268.5909054497727, 
                    "min": 293.30768952
                }
            }, 
            "machine": "922174a8388e0a2f", 
            "platform": "darwin", 
            "timestamp": "20150517213546"
        }, 
        {
            "engines": {
                "d8+pypy": {
                    "max": 697.0000011571428, 
                    "mean": 665.3124988074999, 
                    "min": 627.8076905461539
                }, 
                "d8+pypy-nojit": {
                    "max": 830.7857087678572, 
                    "mean": 827.5949351392405,