{
    "values": [
        {
            "engines": {
                "d8+pypy": {
                    "max": 660.7857091071429, 
                    "mean": 671.8450734323943, 
                    "min": 631.043485973913
                }, 
                "d8+pypy-nojit": {
                    "max": 714.4666671766668, 
                    "mean": 827.2666645039998, 
                    "min": 893.4782587956521
                }, 
                "js+pypy": {
                    "max": 205.36843099105266, 
                    "mean": 263.7317006180488, 
                    "min": 248.07691574076927
                }, 
                "js+pypy-nojit": {
                    "max": 265.650010109, 
                    "mean": 339.5116273748838, 
                    "min": 344.38461523769234
                }
            }, 
            "machine": "922174a8388e0a2f", 
            "platform": "darwin", 
            "timestamp": "20150307165937"
        }, 
        {
            "engines": {
                "d8+pypy": {
                    "max": 568.818186269697, 
                    "mean": 594.3703710296297, 
                    "min": 609.4583272916666
                }, 
                "d8+pypy-nojit": {
                    "max": 578.4594626027027, 
                    "mean": 710.0941153141176, 
                    "min": 767.1923087192308
                }, 
                "js+pypy": {
                    "max": 221.600008011, 
                    "mean": 241.34090813727272, 
                    "min": 246.53845567000002
                }, 
                "js+pypy-nojit": {
                    "max": 248.0952399119047, 
                    "mean": 285.24000167860004, 
                    "min": 291.4000034333334
                }
            }, 
            "machine": "922174a8388e0a2f", 
            "platform": "darwin", 
            "timestamp": "20150307060015"
        }
    ]
}