{
    "values": [
        {
            "engines": {
                "d8+pypy": {
                    "max": 514.9117638088235, 
                    "mean": 613.4615402948718, 
                    "min": 652.8695666260869
                }, 
                "d8+pypy-nojit": {
                    "max": 666.6176459382353, 
                    "mean": 809.8552666210526, 
                    "min": 858.739137647826
                }, 
                "js+pypy": {
                    "max": 282.9499959945, 
                    "mean": 311.11111111111114, 
                    "min": 328.76924368076925
                }, 
                "js+pypy-nojit": {
                    "max": 259.950006008, 
                    "mean": 319.11111407800007, 
                    "min": 325.6153876961539
                }
            }, 
            "machine": "922174a8388e0a2f", 
            "platform": "darwin", 
            "timestamp": "20150503170957"
        }, 
        {
            "engines": {
                "d8+pypy": {
                    "max": 518.7999963766667, 
                    "mean": 595.4929573436619, 
                    "min": 602.3636406136363
                }, 
                "d8+pypy-nojit": {
                    "max": 709.5925896259259, 
                    "mean": 759.2571394785714, 
                    "min": 773.1363664954546
                }, 
                "js+pypy": {
                    "max": 299.562498926875, 
                    "mean": 289.0952371414286, 
                    "min": 281.92307398846157
                }, 
                "js+pypy-nojit": {
                    "max": 287.66665458666665, 
                    "mean": 284.07317254609757, 
                    "min": 272.0769368684616
                }
            }, 
            "machine": "922174a8388e0a2f", 
            "platform": "darwin", 
            "timestamp": "20150420114205"
        }, 
        {
            "engines": {
                "d8+pypy": {
                    "max": 530.12499958125, 
                    "mean": 622.7599970506666, 
                    "min": 613.7083371499999
                }, 
                "d8+pypy-nojit": {
                    "max": 668.656244875, 
                    "mean": 731.53750002375, 
                    "min": 728.5769169153846
                }, 
                "js+pypy": {
                    "max": 253.89999151249998, 
                    "mean": 310.45652472456527, 
                    "min": 340.2307767130769
                }, 
                "js+pypy-nojit": {
                    "max": 288.8333400088889, 
                    "mean": 319.5348839427907, 
                    "min": 326.38461773230773
                }
            }, 
            "machine": "922174a8388e0a2f", 
            "platform": "darwin", 
            "timestamp": "20150419120147"
        }, 
        {
            "engines": {
                "d8+pypy": {
                    "max": 529.0999968833333, 
                    "mean": 541.6375011199999, 
                    "min": 564.208328725
                }, 
                "d8+pypy-nojit": {
                    "max": 698.1034443310344, 
                    "mean": 749.6849282150683, 
                    "min": 771.8695661304347
                }, 
                "js+pypy": {
                    "max": 230.45455325727275, 
                    "mean": 331.878051525122, 
                    "min": 310.76922783461544
                }, 
                "js+pypy-nojit": {
                    "max": 246.9473638031579, 
                    "mean": 292.6511542741861, 
                    "min": 295.2307554392308
                }
            }, 
            "machine": "922174a8388e0a2f", 
            "platform": "darwin", 
            "timestamp": "20150412071859"
        }, 
        {
            "engines": {
                "d8+pypy": {
                    "max": 555.39285285, 
                    "mean": 598.9295798295774, 
                    "min": 590.4347896565217
                }, 
                "d8+pypy-nojit": {
                    "max": 695.5172440103447, 
                    "mean": 730.4657550712327, 
                    "min": 751.565217973913
                }, 
                "js+pypy": {
                    "max": 328.21428775785716, 
                    "mean": 306.0000000931707, 
                    "min": 302.8461566338462
                }, 
                "js+pypy-nojit": {
                    "max": 285.8666578926667, 
                    "mean": 289.0731706853659, 
                    "min": 292.99998283384616
                }
            }, 
            "machine": "922174a8388e0a2f", 
            "platform": "darwin", 
            "timestamp": "20150407120540"
        }, 
        {
            "engines": {
                "d8+pypy": {
                    "max": 592.7647001617646, 
                    "mean": 603.4047631988095, 
                    "min": 661.3478245956521
                }, 
                "d8+pypy-nojit": {
                    "max": 646.187499165625, 
                    "mean": 854.1971864830984, 
                    "min": 873.3913069173914
                }, 
                "js+pypy": {
                    "max": 293.29412123764706, 
                    "mean": 293.37777031799993, 
                    "min": 287.49998978214285
                }, 
                "js+pypy-nojit": {
                    "max": 188.50000088038462, 
                    "mean": 275.04444122333337, 
                    "min": 269.642846925
                }
            }, 
            "machine": "922174a8388e0a2f", 
            "platform": "darwin", 
            "timestamp": "20150324151552"
        }, 
        {
            "engines": {
                "d8+pypy": {
                    "max": 696.6206945206897, 
                    "mean": 659.9036124819276, 
                    "min": 567.7407406
                }, 
                "d8+pypy-nojit": {
                    "max": 982.53332774, 
                    "mean": 846.2926789036584, 
                    "min": 800.8888827444445
                }, 
                "js+pypy": {
                    "max": 228.65217664956523, 
                    "mean": 196.87500596041664, 
                    "min": 198.666667938
                }, 
                "js+pypy-nojit": {
                    "max": 354.72222169222226, 
                    "mean": 294.8085095019149, 
                    "min": 306.785719735
                }
            }, 
            "machine": "922174a8388e0a2f", 
            "platform": "darwin", 
            "timestamp": "20150318162650"
        }, 
        {
            "engines": {
                "d8+pypy": {
                    "max": 559.5312491062499, 
                    "mean": 567.5308674950617, 
                    "min": 560.0
                }, 
                "d8+pypy-nojit": {
                    "max": 559.0571471628571, 
                    "mean": 680.5595244678572, 
                    "min": 818.9130451347826
                }, 
                "js+pypy": {
                    "max": 157.22222681407408, 
                    "mean": 184.58927954946427, 
                    "min": 200.625002384375
                }, 
                "js+pypy-nojit": {
                    "max": 302.55554782, 
                    "mean": 326.62790320627914, 
                    "min": 305.21428585071425
                }
            }, 
            "machine": "922174a8388e0a2f", 
            "platform": "darwin", 
            "timestamp": "20150315151701"
        }, 
        {
            "engines": {
                "d8+pypy": {
                    "max": 556.4687475562499, 
                    "mean": 601.2799994146666, 
                    "min": 596.1739187652174
                }, 
                "d8+pypy-nojit": {
                    "max": 605.6363654848484, 
                    "mean": 722.2469117901235, 
                    "min": 807.6249957083334
                },