{
    "values": [
        {
            "engines": {
                "cpython": {
                    "max": 0.3559921172105532, 
                    "mean": 0.32627900039042296, 
                    "min": 0.30585091008830245
                }, 
                "d8+pypy": {
                    "max": 5.467064482115712, 
                    "mean": 0.6366316252473101, 
                    "min": 0.11528707046478742
                }, 
                "d8+pypy-nojit": {
                    "max": 2.49776974031025, 
                    "mean": 2.3351766416348485, 
                    "min": 2.251823090278354
                }, 
                "js+pypy": {
                    "max": 0.8625617181644243, 
                    "mean": 0.28861857484385683, 
                    "min": 0.19627708243351244
                }, 
                "js+pypy-nojit": {
                    "max": 0.9773831701241074, 
                    "mean": 0.8928966774494478, 
                    "min": 0.8478733833012606
                }, 
                "pypy": {
                    "max": 0.07558490468552394, 
                    "mean": 0.03265950216734821, 
                    "min": 0.023324736783274746
                }, 
                "pypy-nojit": {
                    "max": 0.5393190571183253, 
                    "mean": 0.49529709031497765, 
                    "min": 0.4671879850088366
                }
            }, 
            "machine": "922174a8388e0a2f", 
            "platform": "darwin", 
            "timestamp": "20150205100701"
        }, 
        {
            "engines": {
                "cpython": {
                    "max": 0.38748489464868724, 
                    "mean": 0.3398863382472932, 
                    "min": 0.31442814469858077
                }, 
                "d8+pypy": {
                    "max": 4.747916603101923, 
                    "mean": 0.5713787502862154, 
                    "min": 0.13749385208127757
                }, 
                "d8+pypy-nojit": {
                    "max": 2.7340524003488063, 
                    "mean": 2.467902858928199, 
                    "min": 2.385639510903258
                }, 
                "js+pypy": {
                    "max": 0.921075892076401, 
                    "mean": 0.3040249037356046, 
                    "min": 0.20880400372831986
                }, 
                "js+pypy-nojit": {
                    "max": 1.047979754734485, 
                    "mean": 0.9397801630015967, 
                    "min": 0.8921721446285584
                }, 
                "pypy": {
                    "max": 0.08781622264836329, 
                    "mean": 0.0342976231214133, 
                    "min": 0.023908659916296954
                }, 
                "pypy-nojit": {
                    "max": 0.5860785631801807, 
                    "mean": 0.5216951559829921, 
                    "min": 0.4859240545831679
                }
            }, 
            "machine": "922174a8388e0a2f", 
            "platform": "darwin", 
            "timestamp": "20150202005200"
        }, 
        {
            "engines": {
                "cpython": {
                    "max": 0.3810976501180503, 
                    "mean": 0.34538259111577, 
                    "min": 0.314854762821167
                }, 
                "d8+pypy": {
                    "max": 7.09055185243073, 
                    "mean": 0.8617016639197951, 
                    "min": 0.18820733977683055
                }, 
                "d8+pypy-nojit": {
                    "max": 2.6815171462971397, 
                    "mean": 2.4953640584879, 
                    "min": 2.411706512934927
                }, 
                "js+pypy": {
                    "max": 1.2150913180961467, 
                    "mean": 0.3471407849327175, 
                    "min": 0.20364655327872405
                }, 
                "js+pypy-nojit": {
                    "max": 1.0146803613415516, 
                    "mean": 0.9267731099357107, 
                    "min": 0.8828125855583098
                }, 
                "pypy": {
                    "max": 0.07559410182276084, 
                    "mean": 0.0338840781504449, 
                    "min": 0.02368662611955872
                }, 
                "pypy-nojit": {
                    "max": 0.582126184905203, 
                    "mean": 0.5188393564293154, 
                    "min": 0.4836010877707203
                }
            }, 
            "machine": "922174a8388e0a2f", 
            "platform": "darwin", 
            "timestamp": "20150130205653"
        }, 
        {
            "engines": {
                "cpython": {
                    "max": 0.3863327259147676, 
                    "mean": 0.3437100923157132, 
                    "min": 0.31353788998350224
                }, 
                "d8+pypy": {
                    "max": 7.153807614185019, 
                    "mean": 0.8631567517850613, 
                    "min": 0.18830374606259778
                }, 
                "d8+pypy-nojit": {
                    "max": 2.6507609450595444, 
                    "mean": 2.4618699320057127, 
                    "min": 2.3705390217752025
                }, 
                "js+pypy": {
                    "max": 1.1888660998337153, 
                    "mean": 0.3445936173287363, 
                    "min": 0.20321065142401284
                }, 
                "js+pypy-nojit": {
                    "max": 1.0501594329335284, 
                    "mean": 0.9204636431862634, 
                    "min": 0.8730248779632205
                }, 
                "pypy": {
                    "max": 0.07808947337569808, 
                    "mean": 0.03401424392749979, 
                    "min": 0.02351513934344895
                }, 
                "pypy-nojit": {
                    "max": 0.5893272481079039, 
                    "mean": 0.508934234035004, 
                    "min": 0.4753803474843996
                }
            }, 
            "machine": "922174a8388e0a2f", 
            "platform": "darwin", 
            "timestamp": "20150128125659"
        }, 
        {
            "engines": {
                "cpython": {
                    "max": 0.38762356718865004, 
                    "mean": 0.3445429963016003, 
                    "min": 0.3166994715394288
                }, 
                "d8+pypy": {
                    "max": 7.816700275473112, 
                    "mean": 0.9497753475210963, 
                    "min": 0.19918855880592154
                }, 
                "d8+pypy-nojit": {
                    "max": 2.708828106540206, 
                    "mean": 2.4956342283500597, 
                    "min": 2.4119024294941784
                }, 
                "js+pypy": {
                    "max": 1.2787252638585849, 
                    "mean": 0.3732041265816802, 
                    "min": 0.21757456131463718
                }, 
                "js+pypy-nojit": {
                    "max": 1.059944299967851, 
                    "mean": 0.9488394428162995, 
                    "min": 0.9009458344564016
                }, 
                "pypy": {
                    "max": 0.0818094450998174, 
                    "mean": 0.03509343621810873, 
                    "min": 0.02401466502131647
                }, 
                "pypy-nojit": {
                    "max": 0.6036126476524238, 
                    "mean": 0.5241059010083234, 
                    "min": 0.4889661346283476
                }
            }, 
            "machine": "922174a8388e0a2f", 
            "platform": "darwin", 
            "timestamp": "20150126201110"
        }, 
        {
            "engines": {
                "cpython": {
                    "max": 0.36200838952598846, 
                    "mean": 0.30561866720505326, 
                    "min": 0.28785728509502645
                },