{
    "values": [
        {
            "engines": {
                "cpython": {
                    "max": 0.36200838952598846, 
                    "mean": 0.30561866720505326, 
                    "min": 0.28785728509502645
                }, 
                "d8+pypy": {
                    "max": 6.9419268775962735, 
                    "mean": 0.8487843298708059, 
                    "min": 0.18481398022581577
                }, 
                "d8+pypy-nojit": {
                    "max": 2.4082188617240656, 
                    "mean": 2.191170702472058, 
                    "min": 2.1274602634787736
                }, 
                "js+pypy": {
                    "max": 1.1354871127538486, 
                    "mean": 0.32868668181787525, 
                    "min": 0.19879998306954672
                }, 
                "js+pypy-nojit": {
                    "max": 0.9699332665484528, 
                    "mean": 0.8401664724056187, 
                    "min": 0.8053808349681565
                }, 
                "pypy": {
                    "max": 0.07189334585613322, 
                    "mean": 0.03082203658676229, 
                    "min": 0.023128996502189032
                }, 
                "pypy-nojit": {
                    "max": 0.5239894826951431, 
                    "mean": 0.46539523522083304, 
                    "min": 0.442421814620178
                }
            }, 
            "machine": "922174a8388e0a2f", 
            "platform": "darwin", 
            "timestamp": "20150122012852"
        }, 
        {
            "engines": {
                "cpython": {
                    "max": 0.3539538118336332, 
                    "mean": 0.30456617697141436, 
                    "min": 0.2876274736508161
                }, 
                "d8+pypy": {
                    "max": 9.201685115601999, 
                    "mean": 1.103764895866331, 
                    "min": 0.18184410462450454
                }, 
                "d8+pypy-nojit": {
                    "max": 2.4376863090049823, 
                    "mean": 2.1981614297136884, 
                    "min": 2.1256491353919014
                }, 
                "js+pypy": {
                    "max": 1.8289637288198937, 
                    "mean": 0.4240910723593914, 
                    "min": 0.18663214812615891
                }, 
                "js+pypy-nojit": {
                    "max": 0.9591912426719977, 
                    "mean": 0.8401083699699642, 
                    "min": 0.8070134407630285
                }, 
                "pypy": {
                    "max": 0.0744803812131904, 
                    "mean": 0.03063501039642773, 
                    "min": 0.023088426038261223
                }, 
                "pypy-nojit": {
                    "max": 0.5572412685762623, 
                    "mean": 0.4652370489162057, 
                    "min": 0.4418508539250783
                }
            }, 
            "machine": "922174a8388e0a2f", 
            "platform": "darwin", 
            "timestamp": "20150121025735"
        }, 
        {
            "engines": {
                "cpython": {
                    "max": 0.34392855639457687, 
                    "mean": 0.3062456280178711, 
                    "min": 0.2908011555139657
                }, 
                "d8+pypy": {
                    "max": 8.569951500444152, 
                    "mean": 1.4439144189295237, 
                    "min": 0.4111060257783116
                }, 
                "d8+pypy-nojit": {
                    "max": 2.4177139568924586, 
                    "mean": 2.2176908822363903, 
                    "min": 2.1560845454871957
                }, 
                "js+pypy": {
                    "max": 1.739864498115622, 
                    "mean": 0.5472804078079915, 
                    "min": 0.30432961340834885
                }, 
                "js+pypy-nojit": {
                    "max": 0.9593034698928761, 
                    "mean": 0.8552343551978383, 
                    "min": 0.8185240389521521
                }, 
                "pypy": {
                    "max": 0.07102140590456807, 
                    "mean": 0.04007347546637268, 
                    "min": 0.03327493347936813
                }, 
                "pypy-nojit": {
                    "max": 0.5238230764368317, 
                    "mean": 0.4628412574396758, 
                    "min": 0.4410627698053222
                }
            }, 
            "machine": "922174a8388e0a2f", 
            "platform": "darwin", 
            "timestamp": "20150120021450"
        }, 
        {
            "engines": {
                "cpython": {
                    "max": 0.3800691895712979, 
                    "mean": 0.33276662785542105, 
                    "min": 0.31175607912763353
                }, 
                "d8+pypy": {
                    "max": 7.613353183642744, 
                    "mean": 2.0917988007015276, 
                    "min": 0.8964972591825284
                }, 
                "d8+pypy-nojit": {
                    "max": 4.845667942175471, 
                    "mean": 3.263752780897974, 
                    "min": 3.1040165108658946
                }, 
                "js+pypy": {
                    "max": 1.9544393407693565, 
                    "mean": 0.601660788688478, 
                    "min": 0.3319440793459783
                }, 
                "js+pypy-nojit": {
                    "max": 1.0578525216763344, 
                    "mean": 0.9524042985028608, 
                    "min": 0.9119195082458739
                }, 
                "pypy": {
                    "max": 0.07406814939069935, 
                    "mean": 0.043438385014135265, 
                    "min": 0.03413551995194156
                }, 
                "pypy-nojit": {
                    "max": 0.5665314172361198, 
                    "mean": 0.508664444814429, 
                    "min": 0.48157021752215967
                }
            }, 
            "machine": "922174a8388e0a2f", 
            "platform": "darwin", 
            "timestamp": "20150115044117"
        }, 
        {
            "engines": {
                "cpython": {
                    "max": 0.41586504739339636, 
                    "mean": 0.34401478521122264, 
                    "min": 0.3207178999195056
                }, 
                "d8+pypy": {
                    "max": 7.887253511484017, 
                    "mean": 2.154459465303206, 
                    "min": 0.9103456262949663
                }, 
                "d8+pypy-nojit": {
                    "max": 5.419906458998298, 
                    "mean": 3.402909077780344, 
                    "min": 3.1701564899586976
                }, 
                "js+pypy": {
                    "max": 1.9539899448862017, 
                    "mean": 0.6002067859554373, 
                    "min": 0.32261127357156427
                }, 
                "js+pypy-nojit": {
                    "max": 1.242250702080353, 
                    "mean": 1.0286178469084137, 
                    "min": 0.9585547095174589
                }, 
                "pypy": {
                    "max": 0.07949457602967262, 
                    "mean": 0.044740348330965955, 
                    "min": 0.03504473906685591
                }, 
                "pypy-nojit": {
                    "max": 0.6852511905320164, 
                    "mean": 0.5318650696083911, 
                    "min": 0.49004265569964855
                }
            }, 
            "machine": "922174a8388e0a2f", 
            "platform": "darwin", 
            "timestamp": "20150113203542"
        }
    ]
}