{
    "values": [
        {
            "engines": {
                "cpython": {
                    "max": 0.34392855639457687, 
                    "mean": 0.3062456280178711, 
                    "min": 0.2908011555139657
                }, 
                "d8+pypy": {
                    "max": 8.569951500444152, 
                    "mean": 1.4439144189295237, 
                    "min": 0.4111060257783116
                }, 
                "d8+pypy-nojit": {
                    "max": 2.4177139568924586, 
                    "mean": 2.2176908822363903, 
                    "min": 2.1560845454871957
                }, 
                "js+pypy": {
                    "max": 1.739864498115622, 
                    "mean": 0.5472804078079915, 
                    "min": 0.30432961340834885
                }, 
                "js+pypy-nojit": {
                    "max": 0.9593034698928761, 
                    "mean": 0.8552343551978383, 
                    "min": 0.8185240389521521
                }, 
                "pypy": {
                    "max": 0.07102140590456807, 
                    "mean": 0.04007347546637268, 
                    "min": 0.03327493347936813
                }, 
                "pypy-nojit": {
                    "max": 0.5238230764368317, 
                    "mean": 0.4628412574396758, 
                    "min": 0.4410627698053222
                }
            }, 
            "machine": "922174a8388e0a2f", 
            "platform": "darwin", 
            "timestamp": "20150120021450"
        }, 
        {
            "engines": {
                "cpython": {
                    "max": 0.3800691895712979, 
                    "mean": 0.33276662785542105, 
                    "min": 0.31175607912763353
                }, 
                "d8+pypy": {
                    "max": 7.613353183642744, 
                    "mean": 2.0917988007015276, 
                    "min": 0.8964972591825284
                }, 
                "d8+pypy-nojit": {
                    "max": 4.845667942175471, 
                    "mean": 3.263752780897974, 
                    "min": 3.1040165108658946
                }, 
                "js+pypy": {
                    "max": 1.9544393407693565, 
                    "mean": 0.601660788688478, 
                    "min": 0.3319440793459783
                }, 
                "js+pypy-nojit": {
                    "max": 1.0578525216763344, 
                    "mean": 0.9524042985028608, 
                    "min": 0.9119195082458739
                }, 
                "pypy": {
                    "max": 0.07406814939069935, 
                    "mean": 0.043438385014135265, 
                    "min": 0.03413551995194156
                }, 
                "pypy-nojit": {
                    "max": 0.5665314172361198, 
                    "mean": 0.508664444814429, 
                    "min": 0.48157021752215967
                }
            }, 
            "machine": "922174a8388e0a2f", 
            "platform": "darwin", 
            "timestamp": "20150115044117"
        }, 
        {
            "engines": {
                "cpython": {
                    "max": 0.41586504739339636, 
                    "mean": 0.34401478521122264, 
                    "min": 0.3207178999195056
                }, 
                "d8+pypy": {
                    "max": 7.887253511484017, 
                    "mean": 2.154459465303206, 
                    "min": 0.9103456262949663
                }, 
                "d8+pypy-nojit": {
                    "max": 5.419906458998298, 
                    "mean": 3.402909077780344, 
                    "min": 3.1701564899586976
                }, 
                "js+pypy": {
                    "max": 1.9539899448862017, 
                    "mean": 0.6002067859554373, 
                    "min": 0.32261127357156427
                }, 
                "js+pypy-nojit": {
                    "max": 1.242250702080353, 
                    "mean": 1.0286178469084137, 
                    "min": 0.9585547095174589
                }, 
                "pypy": {
                    "max": 0.07949457602967262, 
                    "mean": 0.044740348330965955, 
                    "min": 0.03504473906685591
                }, 
                "pypy-nojit": {
                    "max": 0.6852511905320164, 
                    "mean": 0.5318650696083911, 
                    "min": 0.49004265569964855
                }
            }, 
            "machine": "922174a8388e0a2f", 
            "platform": "darwin", 
            "timestamp": "20150113203542"
        }
    ]
}