{
    "values": [
        {
            "engines": {
                "cpython": {
                    "max": 133739.187187, 
                    "mean": 124093.2633134, 
                    "min": 118005.517938
                }, 
                "d8+pypy": {
                    "max": 892857.234089, 
                    "mean": 692938.0619703999, 
                    "min": 1.0
                }, 
                "d8+pypy-nojit": {
                    "max": 16420.3608365, 
                    "mean": 15867.09327932, 
                    "min": 15417.8228583
                }, 
                "js+pypy": {
                    "max": 370370.396534, 
                    "mean": 320654.0141699001, 
                    "min": 171821.371161
                }, 
                "js+pypy-nojit": {
                    "max": 40225.2681922, 
                    "mean": 38414.95106192, 
                    "min": 37565.744244
                }, 
                "pypy": {
                    "max": 3626596.57254, 
                    "mean": 2737722.4853107003, 
                    "min": 625272.661137
                }, 
                "pypy-nojit": {
                    "max": 73870.067144, 
                    "mean": 69493.16842283001, 
                    "min": 66154.4406538
                }
            }, 
            "machine": "922174a8388e0a2f", 
            "platform": "darwin", 
            "timestamp": "20150217020158"
        }, 
        {
            "engines": {
                "cpython": {
                    "max": 122522.292931, 
                    "mean": 113473.1570235, 
                    "min": 107796.256452
                }, 
                "d8+pypy": {
                    "max": 892857.234089, 
                    "mean": 626218.8549395999, 
                    "min": 1.0
                }, 
                "d8+pypy-nojit": {
                    "max": 15119.443962, 
                    "mean": 14416.16506667, 
                    "min": 14212.6202987
                }, 
                "js+pypy": {
                    "max": 393701.236774, 
                    "mean": 300009.5669169, 
                    "min": 153374.356964
                }, 
                "js+pypy-nojit": {
                    "max": 37230.0770946, 
                    "mean": 33970.44889637, 
                    "min": 32916.3963726
                }, 
                "pypy": {
                    "max": 3572174.15003, 
                    "mean": 2196578.0267101, 
                    "min": 641323.04192
                }, 
                "pypy-nojit": {
                    "max": 67960.1821732, 
                    "mean": 63865.956099949995, 
                    "min": 61360.0820884
                }
            }, 
            "machine": "922174a8388e0a2f", 
            "platform": "darwin", 
            "timestamp": "20150211070159"
        }, 
        {
            "engines": {
                "cpython": {
                    "max": 133012.68409, 
                    "mean": 122653.190185, 
                    "min": 115325.355894
                }, 
                "d8+pypy": {
                    "max": 862071.205127, 
                    "mean": 692532.9130142999, 
                    "min": 1.0
                }, 
                "d8+pypy-nojit": {
                    "max": 16207.4552291, 
                    "mean": 15810.250034679999, 
                    "min": 15523.1296743
                }, 
                "js+pypy": {
                    "max": 387597.053958, 
                    "mean": 331801.3019849, 
                    "min": 187265.778476
                }, 
                "js+pypy-nojit": {
                    "max": 39588.2815099, 
                    "mean": 37440.75354562, 
                    "min": 36549.713157
                }, 
                "pypy": {
                    "max": 3576804.47537, 
                    "mean": 2748128.6557404995, 
                    "min": 607030.858784
                }, 
                "pypy-nojit": {
                    "max": 72591.1572587, 
                    "mean": 69339.27712254, 
                    "min": 65381.3526693
                }
            }, 
            "machine": "922174a8388e0a2f", 
            "platform": "darwin", 
            "timestamp": "20150205100701"
        }, 
        {
            "engines": {
                "cpython": {
                    "max": 123128.144385, 
                    "mean": 118664.12306749998, 
                    "min": 106690.793011
                }, 
                "d8+pypy": {
                    "max": 757575.932723, 
                    "mean": 594768.9242205999, 
                    "min": 1.0
                }, 
                "d8+pypy-nojit": {
                    "max": 15605.4919909, 
                    "mean": 14978.336397269999, 
                    "min": 14351.3214371
                }, 
                "js+pypy": {
                    "max": 354609.847531, 
                    "mean": 306728.6173454, 
                    "min": 166666.693158
                }, 
                "js+pypy-nojit": {
                    "max": 37064.499396, 
                    "mean": 35393.95147742, 
                    "min": 33068.7812333
                }, 
                "pypy": {
                    "max": 3581691.48791, 
                    "mean": 2680458.1084626997, 
                    "min": 647341.062587
                }, 
                "pypy-nojit": {
                    "max": 70272.4981352, 
                    "mean": 65543.58046889, 
                    "min": 62616.7858748
                }
            }, 
            "machine": "922174a8388e0a2f", 
            "platform": "darwin", 
            "timestamp": "20150202005200"
        }, 
        {
            "engines": {
                "cpython": {
                    "max": 125119.489112, 
                    "mean": 116177.13313679998, 
                    "min": 107755.36945
                }, 
                "d8+pypy": {
                    "max": 793648.246683, 
                    "mean": 576448.4931988, 
                    "min": 1.0
                }, 
                "d8+pypy-nojit": {
                    "max": 15010.5080256, 
                    "mean": 14547.437484339996, 
                    "min": 14192.4505696
                }, 
                "js+pypy": {
                    "max": 381679.267054, 
                    "mean": 315573.7301667001, 
                    "min": 156249.916181
                }, 
                "js+pypy-nojit": {
                    "max": 37481.2629609, 
                    "mean": 35800.56119808, 
                    "min": 34223.1300585
                }, 
                "pypy": {
                    "max": 3636595.68565, 
                    "mean": 2522708.877219, 
                    "min": 622523.814188
                }, 
                "pypy-nojit": {
                    "max": 71309.9923663, 
                    "mean": 67917.64198037, 
                    "min": 63835.7546243
                }
            }, 
            "machine": "922174a8388e0a2f", 
            "platform": "darwin", 
            "timestamp": "20150130205653"
        }, 
        {
            "engines": {
                "cpython": {
                    "max": 124288.448632, 
                    "mean": 113102.88867816, 
                    "min": 97187.5856466
                }, 
                "d8+pypy": {
                    "max": 757575.932723, 
                    "mean": 596436.4142945, 
                    "min": 1.0
                }, 
                "d8+pypy-nojit": {
                    "max": 15375.1544369, 
                    "mean": 14787.770120250003, 
                    "min": 14430.0137946
                }, 
                "js+pypy": {
                    "max": 381679.961707, 
                    "mean": 306301.5235688, 
                    "min": 151515.077078
                },