{
    "values": [
        {
            "engines": {
                "cpython": {
                    "max": 124288.448632, 
                    "mean": 113102.88867816, 
                    "min": 97187.5856466
                }, 
                "d8+pypy": {
                    "max": 757575.932723, 
                    "mean": 596436.4142945, 
                    "min": 1.0
                }, 
                "d8+pypy-nojit": {
                    "max": 15375.1544369, 
                    "mean": 14787.770120250003, 
                    "min": 14430.0137946
                }, 
                "js+pypy": {
                    "max": 381679.961707, 
                    "mean": 306301.5235688, 
                    "min": 151515.077078
                }, 
                "js+pypy-nojit": {
                    "max": 38051.7535289, 
                    "mean": 36384.56232677001, 
                    "min": 35435.8547685
                }, 
                "pypy": {
                    "max": 3614844.43678, 
                    "mean": 2866249.1522975997, 
                    "min": 596110.356276
                }, 
                "pypy-nojit": {
                    "max": 72151.0072713, 
                    "mean": 68839.9515406, 
                    "min": 65392.9121341
                }
            }, 
            "machine": "922174a8388e0a2f", 
            "platform": "darwin", 
            "timestamp": "20150128125659"
        }, 
        {
            "engines": {
                "cpython": {
                    "max": 127291.890488, 
                    "mean": 116009.24447979999, 
                    "min": 109934.083524
                }, 
                "d8+pypy": {
                    "max": 704224.36836, 
                    "mean": 531153.6620658, 
                    "min": 1.0
                }, 
                "d8+pypy-nojit": {
                    "max": 14628.4387767, 
                    "mean": 14131.41293954, 
                    "min": 13881.1771312
                }, 
                "js+pypy": {
                    "max": 344827.631566, 
                    "mean": 289170.3265894, 
                    "min": 131578.907742
                }, 
                "js+pypy-nojit": {
                    "max": 36656.8828841, 
                    "mean": 34833.95635347001, 
                    "min": 33400.1287492
                }, 
                "pypy": {
                    "max": 3573208.83952, 
                    "mean": 2704225.3782932996, 
                    "min": 873271.177477
                }, 
                "pypy-nojit": {
                    "max": 69724.4107185, 
                    "mean": 65753.452369, 
                    "min": 62671.5760326
                }
            }, 
            "machine": "922174a8388e0a2f", 
            "platform": "darwin", 
            "timestamp": "20150126201110"
        }, 
        {
            "engines": {
                "cpython": {
                    "max": 143448.149232, 
                    "mean": 136392.839291, 
                    "min": 129553.480972
                }, 
                "d8+pypy": {
                    "max": 769232.913593, 
                    "mean": 607174.5105777, 
                    "min": 1.0
                }, 
                "d8+pypy-nojit": {
                    "max": 17618.0405068, 
                    "mean": 16950.60567805, 
                    "min": 16276.0427884
                }, 
                "js+pypy": {
                    "max": 400000.0, 
                    "mean": 324763.78452399996, 
                    "min": 148809.539015
                }, 
                "js+pypy-nojit": {
                    "max": 42337.0112923, 
                    "mean": 40800.67340345, 
                    "min": 38669.7536305
                }, 
                "pypy": {
                    "max": 3610612.3995, 
                    "mean": 3072551.8343253, 
                    "min": 673517.613923
                }, 
                "pypy-nojit": {
                    "max": 79148.7428075, 
                    "mean": 75829.60592984999, 
                    "min": 73638.6958222
                }
            }, 
            "machine": "922174a8388e0a2f", 
            "platform": "darwin", 
            "timestamp": "20150122012852"
        }, 
        {
            "engines": {
                "cpython": {
                    "max": 144352.636168, 
                    "mean": 134776.91698100002, 
                    "min": 125067.53647
                }, 
                "d8+pypy": {
                    "max": 757575.932723, 
                    "mean": 569231.8044264, 
                    "min": 1.0
                }, 
                "d8+pypy-nojit": {
                    "max": 17562.3470472, 
                    "mean": 16697.03715442, 
                    "min": 16202.2049317
                }, 
                "js+pypy": {
                    "max": 480768.807541, 
                    "mean": 406689.89797403, 
                    "min": 83333.3134651
                }, 
                "js+pypy-nojit": {
                    "max": 42337.0112923, 
                    "mean": 40079.19780663001, 
                    "min": 36791.7530693
                }, 
                "pypy": {
                    "max": 3601250.12879, 
                    "mean": 2972300.8875942, 
                    "min": 939247.581512
                }, 
                "pypy-nojit": {
                    "max": 78394.9525833, 
                    "mean": 74483.41615042, 
                    "min": 63687.6065369
                }
            }, 
            "machine": "922174a8388e0a2f", 
            "platform": "darwin", 
            "timestamp": "20150121025735"
        }, 
        {
            "engines": {
                "cpython": {
                    "max": 143273.044036, 
                    "mean": 135987.8471631, 
                    "min": 129293.848716
                }, 
                "d8+pypy": {
                    "max": 757575.932723, 
                    "mean": 586662.7749019001, 
                    "min": 1.0
                }, 
                "d8+pypy-nojit": {
                    "max": 17488.6325873, 
                    "mean": 16750.28266332, 
                    "min": 16051.3643168
                }, 
                "js+pypy": {
                    "max": 476190.389689, 
                    "mean": 393964.06634108, 
                    "min": 85763.2663744
                }, 
                "js+pypy-nojit": {
                    "max": 42408.8246024, 
                    "mean": 40976.98470148, 
                    "min": 38729.6630911
                }, 
                "pypy": {
                    "max": 3575523.84362, 
                    "mean": 3072195.3718602, 
                    "min": 989782.895979
                }, 
                "pypy-nojit": {
                    "max": 79130.1969056, 
                    "mean": 75670.96791094998, 
                    "min": 71553.8095462
                }
            }, 
            "machine": "922174a8388e0a2f", 
            "platform": "darwin", 
            "timestamp": "20150120021450"
        }, 
        {
            "engines": {
                "cpython": {
                    "max": 123318.55155, 
                    "mean": 101716.22364289999, 
                    "min": 82769.3978361
                }, 
                "d8+pypy": {
                    "max": 617283.267449, 
                    "mean": 385112.41327565006, 
                    "min": 17680.3405238
                }, 
                "d8+pypy-nojit": {
                    "max": 12584.9474894, 
                    "mean": 11308.030918728, 
                    "min": 8309.78898668
                }, 
                "js+pypy": {
                    "max": 438597.092962, 
                    "mean": 358602.96737454005, 
                    "min": 74404.7431094
                },