{
    "values": [
        {
            "engines": {
                "cpython": {
                    "max": 143273.044036, 
                    "mean": 135987.8471631, 
                    "min": 129293.848716
                }, 
                "d8+pypy": {
                    "max": 757575.932723, 
                    "mean": 586662.7749019001, 
                    "min": 1.0
                }, 
                "d8+pypy-nojit": {
                    "max": 17488.6325873, 
                    "mean": 16750.28266332, 
                    "min": 16051.3643168
                }, 
                "js+pypy": {
                    "max": 476190.389689, 
                    "mean": 393964.06634108, 
                    "min": 85763.2663744
                }, 
                "js+pypy-nojit": {
                    "max": 42408.8246024, 
                    "mean": 40976.98470148, 
                    "min": 38729.6630911
                }, 
                "pypy": {
                    "max": 3575523.84362, 
                    "mean": 3072195.3718602, 
                    "min": 989782.895979
                }, 
                "pypy-nojit": {
                    "max": 79130.1969056, 
                    "mean": 75670.96791094998, 
                    "min": 71553.8095462
                }
            }, 
            "machine": "922174a8388e0a2f", 
            "platform": "darwin", 
            "timestamp": "20150120021450"
        }, 
        {
            "engines": {
                "cpython": {
                    "max": 123318.55155, 
                    "mean": 101716.22364289999, 
                    "min": 82769.3978361
                }, 
                "d8+pypy": {
                    "max": 617283.267449, 
                    "mean": 385112.41327565006, 
                    "min": 17680.3405238
                }, 
                "d8+pypy-nojit": {
                    "max": 12584.9474894, 
                    "mean": 11308.030918728, 
                    "min": 8309.78898668
                }, 
                "js+pypy": {
                    "max": 438597.092962, 
                    "mean": 358602.96737454005, 
                    "min": 74404.7431094
                }, 
                "js+pypy-nojit": {
                    "max": 37993.9145299, 
                    "mean": 36182.10018143999, 
                    "min": 35211.2598018
                }, 
                "pypy": {
                    "max": 3478037.04994, 
                    "mean": 2042742.4371245, 
                    "min": 682611.115632
                }, 
                "pypy-nojit": {
                    "max": 66549.9086552, 
                    "mean": 55820.356536470004, 
                    "min": 49365.5561673
                }
            }, 
            "machine": "922174a8388e0a2f", 
            "platform": "darwin", 
            "timestamp": "20150115044117"
        }, 
        {
            "engines": {
                "cpython": {
                    "max": 134673.967791, 
                    "mean": 123812.68585650001, 
                    "min": 114293.551558
                }, 
                "d8+pypy": {
                    "max": 675674.578499, 
                    "mean": 414743.9262118501, 
                    "min": 17205.781741
                }, 
                "d8+pypy-nojit": {
                    "max": 12722.6468662, 
                    "mean": 11495.750589094001, 
                    "min": 7498.50031924
                }, 
                "js+pypy": {
                    "max": 467289.228171, 
                    "mean": 373909.09059707995, 
                    "min": 80385.8548015
                }, 
                "js+pypy-nojit": {
                    "max": 39215.6760081, 
                    "mean": 37122.10644791, 
                    "min": 36153.2864093
                }, 
                "pypy": {
                    "max": 3627663.03408, 
                    "mean": 2699563.3649635, 
                    "min": 929939.028446
                }, 
                "pypy-nojit": {
                    "max": 75441.1928701, 
                    "mean": 69311.55150606002, 
                    "min": 67756.7486097
                }
            }, 
            "machine": "922174a8388e0a2f", 
            "platform": "darwin", 
            "timestamp": "20150113203542"
        }
    ]
}