{
    "values": [
        {
            "engines": {
                "d8+pypy": {
                    "max": 502.483161428935, 
                    "mean": 492.6834251183451, 
                    "min": 404.9162784112744
                }, 
                "d8+pypy-nojit": {
                    "max": 631.1081409716288, 
                    "mean": 607.2106799365628, 
                    "min": 597.3327142145955
                }, 
                "js+pypy": {
                    "max": 128.5848434646337, 
                    "mean": 116.2632687792078, 
                    "min": 113.29616981487301
                }, 
                "js+pypy-nojit": {
                    "max": 127.91296295846907, 
                    "mean": 140.3105661978324, 
                    "min": 137.07530601269497
                }
            }, 
            "machine": "922174a8388e0a2f", 
            "platform": "darwin", 
            "timestamp": "20150318162650"
        }, 
        {
            "engines": {
                "d8+pypy": {
                    "max": 608.3996306340589, 
                    "mean": 528.4376902568886, 
                    "min": 451.3695273961016
                }, 
                "d8+pypy-nojit": {
                    "max": 467.06340137426156, 
                    "mean": 527.2561945940711, 
                    "min": 605.2397074419
                }, 
                "js+pypy": {
                    "max": 122.99522919830669, 
                    "mean": 136.2889846379631, 
                    "min": 139.3512576035381
                }, 
                "js+pypy-nojit": {
                    "max": 178.96635945442054, 
                    "mean": 175.9197278798951, 
                    "min": 155.73523455719695
                }
            }, 
            "machine": "922174a8388e0a2f", 
            "platform": "darwin", 
            "timestamp": "20150315151701"
        }, 
        {
            "engines": {
                "d8+pypy": {
                    "max": 693.2977237345955, 
                    "mean": 551.5964716726155, 
                    "min": 473.39218918670775
                }, 
                "d8+pypy-nojit": {
                    "max": 465.4631754993117, 
                    "mean": 536.2139858647366, 
                    "min": 590.9137350427153
                }, 
                "js+pypy": {
                    "max": 126.53829927742757, 
                    "mean": 151.8371802575101, 
                    "min": 140.01710805467854
                }, 
                "js+pypy-nojit": {
                    "max": 150.9204343879498, 
                    "mean": 176.4491043861855, 
                    "min": 161.7263249401842
                }
            }, 
            "machine": "922174a8388e0a2f", 
            "platform": "darwin", 
            "timestamp": "20150314070531"
        }, 
        {
            "engines": {
                "d8+pypy": {
                    "max": 595.664199943986, 
                    "mean": 562.4715034274708, 
                    "min": 472.07234256108006
                }, 
                "d8+pypy-nojit": {
                    "max": 410.9907730461653, 
                    "mean": 560.7035178188167, 
                    "min": 610.6582021683627
                }, 
                "js+pypy": {
                    "max": 137.87207503107817, 
                    "mean": 162.6755212024843, 
                    "min": 153.72374545678406
                }, 
                "js+pypy-nojit": {
                    "max": 172.61197871895814, 
                    "mean": 179.61020416457788, 
                    "min": 168.20551076828113
                }
            }, 
            "machine": "922174a8388e0a2f", 
            "platform": "darwin", 
            "timestamp": "20150308144610"
        }, 
        {
            "engines": {
                "d8+pypy": {
                    "max": 735.0002425037319, 
                    "mean": 580.031159044259, 
                    "min": 486.87175000678445
                }, 
                "d8+pypy-nojit": {
                    "max": 516.8909112806248, 
                    "mean": 583.7709329864135, 
                    "min": 627.858623177132
                }, 
                "js+pypy": {
                    "max": 124.70236182471388, 
                    "mean": 161.73743416807616, 
                    "min": 153.57982943203302
                }, 
                "js+pypy-nojit": {
                    "max": 146.6655685921198, 
                    "mean": 181.91572231573198, 
                    "min": 170.28891253660564
                }
            }, 
            "machine": "922174a8388e0a2f", 
            "platform": "darwin", 
            "timestamp": "20150307165937"
        }, 
        {
            "engines": {
                "d8+pypy": {
                    "max": 601.5816478904022, 
                    "mean": 558.0711511232946, 
                    "min": 485.3407498842737
                }, 
                "d8+pypy-nojit": {
                    "max": 457.83182237253766, 
                    "mean": 541.7961013264431, 
                    "min": 583.0050696102804
                }, 
                "js+pypy": {
                    "max": 149.75870687362607, 
                    "mean": 155.0787615239107, 
                    "min": 150.82116794046962
                }, 
                "js+pypy-nojit": {
                    "max": 160.65212604954604, 
                    "mean": 164.25904920733944, 
                    "min": 154.19659803698104
                }
            }, 
            "machine": "922174a8388e0a2f", 
            "platform": "darwin", 
            "timestamp": "20150307060015"
        }, 
        {
            "engines": {}, 
            "machine": "922174a8388e0a2f", 
            "platform": "darwin", 
            "timestamp": "20150221072511"
        }, 
        {
            "engines": {}, 
            "machine": "922174a8388e0a2f", 
            "platform": "darwin", 
            "timestamp": "20150217020158"
        }, 
        {
            "engines": {}, 
            "machine": "922174a8388e0a2f", 
            "platform": "darwin", 
            "timestamp": "20150211070159"
        }, 
        {
            "engines": {}, 
            "machine": "922174a8388e0a2f", 
            "platform": "darwin", 
            "timestamp": "20150205100701"
        }, 
        {
            "engines": {}, 
            "machine": "922174a8388e0a2f", 
            "platform": "darwin", 
            "timestamp": "20150202005200"
        }, 
        {
            "engines": {}, 
            "machine": "922174a8388e0a2f", 
            "platform": "darwin", 
            "timestamp": "20150130205653"
        }, 
        {
            "engines": {}, 
            "machine": "922174a8388e0a2f", 
            "platform": "darwin", 
            "timestamp": "20150128125659"
        }, 
        {
            "engines": {}, 
            "machine": "922174a8388e0a2f", 
            "platform": "darwin", 
            "timestamp": "20150126201110"
        }, 
        {
            "engines": {}, 
            "machine": "922174a8388e0a2f", 
            "platform": "darwin", 
            "timestamp": "20150122012852"
        }, 
        {
            "engines": {}, 
            "machine": "922174a8388e0a2f", 
            "platform": "darwin", 
            "timestamp": "20150121025735"
        }, 
        {
            "engines": {}, 
            "machine": "922174a8388e0a2f", 
            "platform": "darwin", 
            "timestamp": "20150120021450"
        }, 
        {
            "engines": {}, 
            "machine": "922174a8388e0a2f", 
            "platform": "darwin", 
            "timestamp": "20150115044117"
        }, 
        {
            "engines": {}, 
            "machine": "922174a8388e0a2f", 
            "platform": "darwin", 
            "timestamp": "20150113203542"
        }
    ]
}