{
    "values": [
        {
            "engines": {
                "d8+pypy": {
                    "max": 1060.1058456374176, 
                    "mean": 751.5555861648651, 
                    "min": 541.332388626046
                }, 
                "d8+pypy-nojit": {
                    "max": 509.5066132683986, 
                    "mean": 556.6457045017489, 
                    "min": 565.3867425593892
                }, 
                "js+pypy": {
                    "max": 159.14471467901532, 
                    "mean": 193.37329131899583, 
                    "min": 199.72443335468594
                }, 
                "js+pypy-nojit": {
                    "max": 149.59927793166884, 
                    "mean": 171.6310848651623, 
                    "min": 160.4956989797453
                }
            }, 
            "machine": "922174a8388e0a2f", 
            "platform": "darwin", 
            "timestamp": "20150419120147"
        }, 
        {
            "engines": {
                "d8+pypy": {
                    "max": 1072.3071827617564, 
                    "mean": 703.2775456102213, 
                    "min": 519.6741622047059
                }, 
                "d8+pypy-nojit": {
                    "max": 498.7965488000567, 
                    "mean": 570.230812508788, 
                    "min": 598.6059597540129
                }, 
                "js+pypy": {
                    "max": 176.03806115688002, 
                    "mean": 204.87105491804493, 
                    "min": 190.1912222767393
                }, 
                "js+pypy-nojit": {
                    "max": 138.44882067340433, 
                    "mean": 163.92513490691857, 
                    "min": 149.28667649663507
                }
            }, 
            "machine": "922174a8388e0a2f", 
            "platform": "darwin", 
            "timestamp": "20150412071859"
        }, 
        {
            "engines": {
                "d8+pypy": {
                    "max": 1042.5034013342604, 
                    "mean": 721.6324353489987, 
                    "min": 514.6522854694218
                }, 
                "d8+pypy-nojit": {
                    "max": 424.7748543585106, 
                    "mean": 542.273123637169, 
                    "min": 560.5971872759682
                }, 
                "js+pypy": {
                    "max": 181.4392006079033, 
                    "mean": 193.1070778682245, 
                    "min": 186.8049518116373
                }, 
                "js+pypy-nojit": {
                    "max": 157.80275169353115, 
                    "mean": 160.0720228591885, 
                    "min": 148.68851001434444
                }
            }, 
            "machine": "922174a8388e0a2f", 
            "platform": "darwin", 
            "timestamp": "20150407120540"
        }, 
        {
            "engines": {
                "d8+pypy": {
                    "max": 917.7003586867366, 
                    "mean": 775.5074787709835, 
                    "min": 567.6316626110054
                }, 
                "d8+pypy-nojit": {
                    "max": 495.1071428725204, 
                    "mean": 590.416659678287, 
                    "min": 611.8746820529699
                }, 
                "js+pypy": {
                    "max": 198.44616450329374, 
                    "mean": 189.7052537851019, 
                    "min": 181.6218698414852
                }, 
                "js+pypy-nojit": {
                    "max": 137.98007134698418, 
                    "mean": 156.79833954758044, 
                    "min": 142.2575865815053
                }
            }, 
            "machine": "922174a8388e0a2f", 
            "platform": "darwin", 
            "timestamp": "20150324151552"
        }, 
        {
            "engines": {
                "d8+pypy": {
                    "max": 502.483161428935, 
                    "mean": 492.6834251183451, 
                    "min": 404.9162784112744
                }, 
                "d8+pypy-nojit": {
                    "max": 631.1081409716288, 
                    "mean": 607.2106799365628, 
                    "min": 597.3327142145955
                }, 
                "js+pypy": {
                    "max": 128.5848434646337, 
                    "mean": 116.2632687792078, 
                    "min": 113.29616981487301
                }, 
                "js+pypy-nojit": {
                    "max": 127.91296295846907, 
                    "mean": 140.3105661978324, 
                    "min": 137.07530601269497
                }
            }, 
            "machine": "922174a8388e0a2f", 
            "platform": "darwin", 
            "timestamp": "20150318162650"
        }, 
        {
            "engines": {
                "d8+pypy": {
                    "max": 608.3996306340589, 
                    "mean": 528.4376902568886, 
                    "min": 451.3695273961016
                }, 
                "d8+pypy-nojit": {
                    "max": 467.06340137426156, 
                    "mean": 527.2561945940711, 
                    "min": 605.2397074419
                }, 
                "js+pypy": {
                    "max": 122.99522919830669, 
                    "mean": 136.2889846379631, 
                    "min": 139.3512576035381
                }, 
                "js+pypy-nojit": {
                    "max": 178.96635945442054, 
                    "mean": 175.9197278798951, 
                    "min": 155.73523455719695
                }
            }, 
            "machine": "922174a8388e0a2f", 
            "platform": "darwin", 
            "timestamp": "20150315151701"
        }, 
        {
            "engines": {
                "d8+pypy": {
                    "max": 693.2977237345955, 
                    "mean": 551.5964716726155, 
                    "min": 473.39218918670775
                }, 
                "d8+pypy-nojit": {
                    "max": 465.4631754993117, 
                    "mean": 536.2139858647366, 
                    "min": 590.9137350427153
                }, 
                "js+pypy": {
                    "max": 126.53829927742757, 
                    "mean": 151.8371802575101, 
                    "min": 140.01710805467854
                }, 
                "js+pypy-nojit": {
                    "max": 150.9204343879498, 
                    "mean": 176.4491043861855, 
                    "min": 161.7263249401842
                }
            }, 
            "machine": "922174a8388e0a2f", 
            "platform": "darwin", 
            "timestamp": "20150314070531"
        }, 
        {
            "engines": {
                "d8+pypy": {
                    "max": 595.664199943986, 
                    "mean": 562.4715034274708, 
                    "min": 472.07234256108006
                }, 
                "d8+pypy-nojit": {
                    "max": 410.9907730461653, 
                    "mean": 560.7035178188167, 
                    "min": 610.6582021683627
                }, 
                "js+pypy": {
                    "max": 137.87207503107817, 
                    "mean": 162.6755212024843, 
                    "min": 153.72374545678406
                }, 
                "js+pypy-nojit": {
                    "max": 172.61197871895814, 
                    "mean": 179.61020416457788, 
                    "min": 168.20551076828113
                }
            }, 
            "machine": "922174a8388e0a2f", 
            "platform": "darwin", 
            "timestamp": "20150308144610"
        }, 
        {
            "engines": {
                "d8+pypy": {
                    "max": 735.0002425037319, 
                    "mean": 580.031159044259, 
                    "min": 486.87175000678445
                }, 
                "d8+pypy-nojit": {
                    "max": 516.8909112806248, 
                    "mean": 583.7709329864135,