{
    "machine": "922174a8388e0a2f", 
    "misc": {
        "benchmarks": {
            "file_size_gz": {
                "engines": {
                    "pypy": {
                        "max": 4146022, 
                        "mean": 4146022.0, 
                        "min": 4146022
                    }, 
                    "pypy-nojit": {
                        "max": 2557788, 
                        "mean": 2557788.0, 
                        "min": 2557788
                    }
                }, 
                "machine": "922174a8388e0a2f", 
                "platform": "darwin", 
                "timestamp": "20150113203542"
            }, 
            "file_size_raw": {
                "engines": {
                    "pypy": {
                        "max": 22067048, 
                        "mean": 22067048.0, 
                        "min": 22067048
                    }, 
                    "pypy-nojit": {
                        "max": 13638890, 
                        "mean": 13638890.0, 
                        "min": 13638890
                    }
                }, 
                "machine": "922174a8388e0a2f", 
                "platform": "darwin", 
                "timestamp": "20150113203542"
            }, 
            "load_time": {
                "engines": {
                    "d8+pypy": {
                        "max": 2.061, 
                        "mean": 2.026, 
                        "min": 2.026
                    }, 
                    "d8+pypy-nojit": {
                        "max": 1.465, 
                        "mean": 1.451, 
                        "min": 1.451
                    }, 
                    "js+pypy": {
                        "max": 2.908, 
                        "mean": 2.665, 
                        "min": 2.665
                    }, 
                    "js+pypy-nojit": {
                        "max": 1.841, 
                        "mean": 1.786, 
                        "min": 1.786
                    }
                }, 
                "machine": "922174a8388e0a2f", 
                "platform": "darwin", 
                "timestamp": "20150113203542"
            }, 
            "pystone": {
                "engines": {
                    "cpython": {
                        "max": 134673.967791, 
                        "mean": 123812.68585650001, 
                        "min": 114293.551558
                    }, 
                    "d8+pypy": {
                        "max": 675674.578499, 
                        "mean": 414743.9262118501, 
                        "min": 17205.781741
                    }, 
                    "d8+pypy-nojit": {
                        "max": 12722.6468662, 
                        "mean": 11495.750589094001, 
                        "min": 7498.50031924
                    }, 
                    "js+pypy": {
                        "max": 467289.228171, 
                        "mean": 373909.09059707995, 
                        "min": 80385.8548015
                    }, 
                    "js+pypy-nojit": {
                        "max": 39215.6760081, 
                        "mean": 37122.10644791, 
                        "min": 36153.2864093
                    }, 
                    "pypy": {
                        "max": 3627663.03408, 
                        "mean": 2699563.3649635, 
                        "min": 929939.028446
                    }, 
                    "pypy-nojit": {
                        "max": 75441.1928701, 
                        "mean": 69311.55150606002, 
                        "min": 67756.7486097
                    }
                }, 
                "machine": "922174a8388e0a2f", 
                "platform": "darwin", 
                "timestamp": "20150113203542"
            }
        }
    }, 
    "platform": "darwin", 
    "py": {
        "benchmarks": {
            "chaos": {
                "engines": {
                    "cpython": {
                        "max": 0.316136837006, 
                        "mean": 0.28575381040564996, 
                        "min": 0.265667915344
                    }, 
                    "d8+pypy": {
                        "max": 4.25499987602, 
                        "mean": 0.5457499980924501, 
                        "min": 0.0379998683929
                    }, 
                    "d8+pypy-nojit": {
                        "max": 2.06599998474, 
                        "mean": 1.8588500022895, 
                        "min": 1.77600002289
                    }, 
                    "js+pypy": {
                        "max": 0.93499994278, 
                        "mean": 0.15635000467297, 
                        "min": 0.0629999637604
                    }, 
                    "js+pypy-nojit": {
                        "max": 0.871999979019, 
                        "mean": 0.7417500019073999, 
                        "min": 0.707999944687
                    }, 
                    "pypy": {
                        "max": 0.157701015472, 
                        "mean": 0.018266916275048, 
                        "min": 0.00678086280823
                    }, 
                    "pypy-nojit": {
                        "max": 0.496459960938, 
                        "mean": 0.41205970048905005, 
                        "min": 0.388725042343
                    }
                }, 
                "machine": "922174a8388e0a2f", 
                "platform": "darwin", 
                "timestamp": "20150128125659"
            }, 
            "fannkuch": {
                "engines": {
                    "cpython": {
                        "max": 1.48916912079, 
                        "mean": 1.3552707076069999, 
                        "min": 1.30087900162
                    }, 
                    "d8+pypy": {
                        "max": 42.4200000763, 
                        "mean": 3.5969499945648, 
                        "min": 0.651999950409
                    }, 
                    "d8+pypy-nojit": {
                        "max": 7.81200003624, 
                        "mean": 7.4437499880795, 
                        "min": 7.28400015831
                    }, 
                    "js+pypy": {
                        "max": 5.37799978256, 
                        "mean": 1.6728000044820004, 
                        "min": 1.35899996758
                    }, 
                    "js+pypy-nojit": {
                        "max": 2.97300004959, 
                        "mean": 2.525400006772, 
                        "min": 2.4509999752
                    }, 
                    "pypy": {
                        "max": 0.233162879944, 
                        "mean": 0.1673107862472, 
                        "min": 0.151591062546
                    }, 
                    "pypy-nojit": {
                        "max": 1.40853786469, 
                        "mean": 1.2996609330170001, 
                        "min": 1.23972511292
                    }
                }, 
                "machine": "922174a8388e0a2f", 
                "platform": "darwin", 
                "timestamp": "20150128125659"
            }, 
            "float": {
                "engines": {
                    "cpython": {
                        "max": 0.372676134109, 
                        "mean": 0.35026531219479995, 
                        "min": 0.322385072708
                    }, 
                    "d8+pypy": {
                        "max": 0.801000118256, 
                        "mean": 0.158249998092725, 
                        "min": 0.0899999141693
                    }, 
                    "d8+pypy-nojit": {
                        "max": 2.45599985123, 
                        "mean": 2.305949997902, 
                        "min": 2.18799996376
                    }, 
                    "js+pypy": {
                        "max": 0.268000125885, 
                        "mean": 0.16784999370589998,