{
    "machine": "922174a8388e0a2f", 
    "misc": {
        "benchmarks": {
            "file_size_gz": {
                "engines": {
                    "pypy": {
                        "max": 4146022, 
                        "mean": 4146022.0, 
                        "min": 4146022
                    }, 
                    "pypy-nojit": {
                        "max": 2557788, 
                        "mean": 2557788.0, 
                        "min": 2557788
                    }
                }, 
                "machine": "922174a8388e0a2f", 
                "platform": "darwin", 
                "timestamp": "20150113203542"
            }, 
            "file_size_raw": {
                "engines": {
                    "pypy": {
                        "max": 22067048, 
                        "mean": 22067048.0, 
                        "min": 22067048
                    }, 
                    "pypy-nojit": {
                        "max": 13638890, 
                        "mean": 13638890.0, 
                        "min": 13638890
                    }
                }, 
                "machine": "922174a8388e0a2f", 
                "platform": "darwin", 
                "timestamp": "20150113203542"
            }, 
            "load_time": {
                "engines": {
                    "d8+pypy": {
                        "max": 2.061, 
                        "mean": 2.026, 
                        "min": 2.026
                    }, 
                    "d8+pypy-nojit": {
                        "max": 1.465, 
                        "mean": 1.451, 
                        "min": 1.451
                    }, 
                    "js+pypy": {
                        "max": 2.908, 
                        "mean": 2.665, 
                        "min": 2.665
                    }, 
                    "js+pypy-nojit": {
                        "max": 1.841, 
                        "mean": 1.786, 
                        "min": 1.786
                    }
                }, 
                "machine": "922174a8388e0a2f", 
                "platform": "darwin", 
                "timestamp": "20150113203542"
            }, 
            "pystone": {
                "engines": {
                    "cpython": {
                        "max": 134673.967791, 
                        "mean": 123812.68585650001, 
                        "min": 114293.551558
                    }, 
                    "d8+pypy": {
                        "max": 675674.578499, 
                        "mean": 414743.9262118501, 
                        "min": 17205.781741
                    }, 
                    "d8+pypy-nojit": {
                        "max": 12722.6468662, 
                        "mean": 11495.750589094001, 
                        "min": 7498.50031924
                    }, 
                    "js+pypy": {
                        "max": 467289.228171, 
                        "mean": 373909.09059707995, 
                        "min": 80385.8548015
                    }, 
                    "js+pypy-nojit": {
                        "max": 39215.6760081, 
                        "mean": 37122.10644791, 
                        "min": 36153.2864093
                    }, 
                    "pypy": {
                        "max": 3627663.03408, 
                        "mean": 2699563.3649635, 
                        "min": 929939.028446
                    }, 
                    "pypy-nojit": {
                        "max": 75441.1928701, 
                        "mean": 69311.55150606002, 
                        "min": 67756.7486097
                    }
                }, 
                "machine": "922174a8388e0a2f", 
                "platform": "darwin", 
                "timestamp": "20150113203542"
            }
        }
    }, 
    "platform": "darwin", 
    "py": {
        "benchmarks": {
            "chaos": {
                "engines": {
                    "cpython": {
                        "max": 0.434830188751, 
                        "mean": 0.2783259510994501, 
                        "min": 0.260645151138
                    }, 
                    "d8+pypy": {
                        "max": 2.87999987602, 
                        "mean": 0.33444999456438984, 
                        "min": 0.0350000858307
                    }, 
                    "d8+pypy-nojit": {
                        "max": 1.8259999752, 
                        "mean": 1.5458999991429998, 
                        "min": 1.46099996567
                    }, 
                    "js+pypy": {
                        "max": 0.69000005722, 
                        "mean": 0.129799997806535, 
                        "min": 0.0599999427795
                    }, 
                    "js+pypy-nojit": {
                        "max": 0.986999988556, 
                        "mean": 0.7253499984742001, 
                        "min": 0.684000015259
                    }, 
                    "pypy": {
                        "max": 0.145947933197, 
                        "mean": 0.017017662525197996, 
                        "min": 0.00678014755249
                    }, 
                    "pypy-nojit": {
                        "max": 0.602826118469, 
                        "mean": 0.4192330598831, 
                        "min": 0.374376058578
                    }
                }, 
                "machine": "922174a8388e0a2f", 
                "platform": "darwin", 
                "timestamp": "20150221072511"
            }, 
            "fannkuch": {
                "engines": {
                    "cpython": {
                        "max": 1.77372694016, 
                        "mean": 1.294399702549, 
                        "min": 1.2053360939
                    }, 
                    "d8+pypy": {
                        "max": 17.1259999275, 
                        "mean": 1.73530000448345, 
                        "min": 0.605000019073
                    }, 
                    "d8+pypy-nojit": {
                        "max": 6.10000014305, 
                        "mean": 5.672450006007001, 
                        "min": 5.4470000267
                    }, 
                    "js+pypy": {
                        "max": 3.66499996185, 
                        "mean": 1.5881500005725, 
                        "min": 1.35400009155
                    }, 
                    "js+pypy-nojit": {
                        "max": 2.76699995995, 
                        "mean": 2.4297500014310005, 
                        "min": 2.32699990273
                    }, 
                    "pypy": {
                        "max": 0.252647161484, 
                        "mean": 0.17122272253040002, 
                        "min": 0.14945101738
                    }, 
                    "pypy-nojit": {
                        "max": 1.54777002335, 
                        "mean": 1.2469109416, 
                        "min": 1.17024207115
                    }
                }, 
                "machine": "922174a8388e0a2f", 
                "platform": "darwin", 
                "timestamp": "20150221072511"
            }, 
            "float": {
                "engines": {
                    "cpython": {
                        "max": 0.452702045441, 
                        "mean": 0.33496503829964996, 
                        "min": 0.311842918396
                    }, 
                    "d8+pypy": {
                        "max": 0.736000061035, 
                        "mean": 0.156649994850185, 
                        "min": 0.0880000591278
                    }, 
                    "d8+pypy-nojit": {
                        "max": 2.30799984932, 
                        "mean": 1.8552000045779997, 
                        "min": 1.72200012207
                    }, 
                    "js+pypy": {
                        "max": 0.256000041962, 
                        "mean": 0.1652500033378,