{
    "machine": "922174a8388e0a2f", 
    "misc": {
        "benchmarks": {
            "file_size_gz": {
                "engines": {
                    "pypy": {
                        "max": 4146022, 
                        "mean": 4146022.0, 
                        "min": 4146022
                    }, 
                    "pypy-nojit": {
                        "max": 2557788, 
                        "mean": 2557788.0, 
                        "min": 2557788
                    }
                }, 
                "machine": "922174a8388e0a2f", 
                "platform": "darwin", 
                "timestamp": "20150113203542"
            }, 
            "file_size_raw": {
                "engines": {
                    "pypy": {
                        "max": 22067048, 
                        "mean": 22067048.0, 
                        "min": 22067048
                    }, 
                    "pypy-nojit": {
                        "max": 13638890, 
                        "mean": 13638890.0, 
                        "min": 13638890
                    }
                }, 
                "machine": "922174a8388e0a2f", 
                "platform": "darwin", 
                "timestamp": "20150113203542"
            }, 
            "load_time": {
                "engines": {
                    "d8+pypy": {
                        "max": 2.061, 
                        "mean": 2.026, 
                        "min": 2.026
                    }, 
                    "d8+pypy-nojit": {
                        "max": 1.465, 
                        "mean": 1.451, 
                        "min": 1.451
                    }, 
                    "js+pypy": {
                        "max": 2.908, 
                        "mean": 2.665, 
                        "min": 2.665
                    }, 
                    "js+pypy-nojit": {
                        "max": 1.841, 
                        "mean": 1.786, 
                        "min": 1.786
                    }
                }, 
                "machine": "922174a8388e0a2f", 
                "platform": "darwin", 
                "timestamp": "20150113203542"
            }, 
            "pystone": {
                "engines": {
                    "cpython": {
                        "max": 134673.967791, 
                        "mean": 123812.68585650001, 
                        "min": 114293.551558
                    }, 
                    "d8+pypy": {
                        "max": 675674.578499, 
                        "mean": 414743.9262118501, 
                        "min": 17205.781741
                    }, 
                    "d8+pypy-nojit": {
                        "max": 12722.6468662, 
                        "mean": 11495.750589094001, 
                        "min": 7498.50031924
                    }, 
                    "js+pypy": {
                        "max": 467289.228171, 
                        "mean": 373909.09059707995, 
                        "min": 80385.8548015
                    }, 
                    "js+pypy-nojit": {
                        "max": 39215.6760081, 
                        "mean": 37122.10644791, 
                        "min": 36153.2864093
                    }, 
                    "pypy": {
                        "max": 3627663.03408, 
                        "mean": 2699563.3649635, 
                        "min": 929939.028446
                    }, 
                    "pypy-nojit": {
                        "max": 75441.1928701, 
                        "mean": 69311.55150606002, 
                        "min": 67756.7486097
                    }
                }, 
                "machine": "922174a8388e0a2f", 
                "platform": "darwin", 
                "timestamp": "20150113203542"
            }
        }
    }, 
    "platform": "darwin", 
    "py": {
        "benchmarks": {
            "chaos": {
                "engines": {
                    "cpython": {
                        "max": 0.29691696167, 
                        "mean": 0.27676807641995, 
                        "min": 0.263303995132
                    }, 
                    "d8+pypy": {
                        "max": 2.64600014687, 
                        "mean": 0.3147000074381698, 
                        "min": 0.0349998474121
                    }, 
                    "d8+pypy-nojit": {
                        "max": 1.88400006294, 
                        "mean": 1.7703999996189999, 
                        "min": 1.69900012016
                    }, 
                    "js+pypy": {
                        "max": 0.690999984741, 
                        "mean": 0.12934999465942004, 
                        "min": 0.0609998703003
                    }, 
                    "js+pypy-nojit": {
                        "max": 0.792000055313, 
                        "mean": 0.7288500070571999, 
                        "min": 0.6859998703
                    }, 
                    "pypy": {
                        "max": 0.14381313324, 
                        "mean": 0.017699635028858997, 
                        "min": 0.00681900978088
                    }, 
                    "pypy-nojit": {
                        "max": 0.430031061172, 
                        "mean": 0.4086237430572501, 
                        "min": 0.388156175613
                    }
                }, 
                "machine": "922174a8388e0a2f", 
                "platform": "darwin", 
                "timestamp": "20150205100701"
            }, 
            "fannkuch": {
                "engines": {
                    "cpython": {
                        "max": 1.34130215645, 
                        "mean": 1.2737592816349999, 
                        "min": 1.21875405312
                    }, 
                    "d8+pypy": {
                        "max": 15.7760000229, 
                        "mean": 1.6286000013358002, 
                        "min": 0.55899977684
                    }, 
                    "d8+pypy-nojit": {
                        "max": 7.37999987602, 
                        "mean": 7.0357499957075, 
                        "min": 6.9430000782
                    }, 
                    "js+pypy": {
                        "max": 3.28799986839, 
                        "mean": 1.4858999967564999, 
                        "min": 1.29299998283
                    }, 
                    "js+pypy-nojit": {
                        "max": 2.54600000381, 
                        "mean": 2.4586500048635, 
                        "min": 2.36899995804
                    }, 
                    "pypy": {
                        "max": 0.253319978714, 
                        "mean": 0.16656682491305003, 
                        "min": 0.146846055984
                    }, 
                    "pypy-nojit": {
                        "max": 1.33337807655, 
                        "mean": 1.2680354714395004, 
                        "min": 1.20930099487
                    }
                }, 
                "machine": "922174a8388e0a2f", 
                "platform": "darwin", 
                "timestamp": "20150205100701"
            }, 
            "float": {
                "engines": {
                    "cpython": {
                        "max": 0.360198020935, 
                        "mean": 0.33191071748735, 
                        "min": 0.306165933609
                    }, 
                    "d8+pypy": {
                        "max": 0.723999977112, 
                        "mean": 0.146299993991835, 
                        "min": 0.0859999656677
                    }, 
                    "d8+pypy-nojit": {
                        "max": 2.30500006676, 
                        "mean": 2.100450003147, 
                        "min": 2.01599979401
                    }, 
                    "js+pypy": {
                        "max": 0.24799990654, 
                        "mean": 0.1641999959945,