{
    "machine": "922174a8388e0a2f", 
    "misc": {
        "benchmarks": {
            "file_size_gz": {
                "engines": {
                    "pypy": {
                        "max": 4146022, 
                        "mean": 4146022.0, 
                        "min": 4146022
                    }, 
                    "pypy-nojit": {
                        "max": 2557788, 
                        "mean": 2557788.0, 
                        "min": 2557788
                    }
                }, 
                "machine": "922174a8388e0a2f", 
                "platform": "darwin", 
                "timestamp": "20150113203542"
            }, 
            "file_size_raw": {
                "engines": {
                    "pypy": {
                        "max": 22067048, 
                        "mean": 22067048.0, 
                        "min": 22067048
                    }, 
                    "pypy-nojit": {
                        "max": 13638890, 
                        "mean": 13638890.0, 
                        "min": 13638890
                    }
                }, 
                "machine": "922174a8388e0a2f", 
                "platform": "darwin", 
                "timestamp": "20150113203542"
            }, 
            "load_time": {
                "engines": {
                    "d8+pypy": {
                        "max": 2.061, 
                        "mean": 2.026, 
                        "min": 2.026
                    }, 
                    "d8+pypy-nojit": {
                        "max": 1.465, 
                        "mean": 1.451, 
                        "min": 1.451
                    }, 
                    "js+pypy": {
                        "max": 2.908, 
                        "mean": 2.665, 
                        "min": 2.665
                    }, 
                    "js+pypy-nojit": {
                        "max": 1.841, 
                        "mean": 1.786, 
                        "min": 1.786
                    }
                }, 
                "machine": "922174a8388e0a2f", 
                "platform": "darwin", 
                "timestamp": "20150113203542"
            }, 
            "pystone": {
                "engines": {
                    "cpython": {
                        "max": 134673.967791, 
                        "mean": 123812.68585650001, 
                        "min": 114293.551558
                    }, 
                    "d8+pypy": {
                        "max": 675674.578499, 
                        "mean": 414743.9262118501, 
                        "min": 17205.781741
                    }, 
                    "d8+pypy-nojit": {
                        "max": 12722.6468662, 
                        "mean": 11495.750589094001, 
                        "min": 7498.50031924
                    }, 
                    "js+pypy": {
                        "max": 467289.228171, 
                        "mean": 373909.09059707995, 
                        "min": 80385.8548015
                    }, 
                    "js+pypy-nojit": {
                        "max": 39215.6760081, 
                        "mean": 37122.10644791, 
                        "min": 36153.2864093
                    }, 
                    "pypy": {
                        "max": 3627663.03408, 
                        "mean": 2699563.3649635, 
                        "min": 929939.028446
                    }, 
                    "pypy-nojit": {
                        "max": 75441.1928701, 
                        "mean": 69311.55150606002, 
                        "min": 67756.7486097
                    }
                }, 
                "machine": "922174a8388e0a2f", 
                "platform": "darwin", 
                "timestamp": "20150113203542"
            }
        }
    }, 
    "platform": "darwin", 
    "py": {
        "benchmarks": {
            "chaos": {
                "engines": {
                    "cpython": {
                        "max": 0.349922180176, 
                        "mean": 0.30084462165835, 
                        "min": 0.275181055069
                    }, 
                    "d8+pypy": {
                        "max": 2.82500004768, 
                        "mean": 0.34435000419621997, 
                        "min": 0.0360000133514
                    }, 
                    "d8+pypy-nojit": {
                        "max": 1.99800014496, 
                        "mean": 1.8712000012395003, 
                        "min": 1.79099988937
                    }, 
                    "js+pypy": {
                        "max": 0.717000007629, 
                        "mean": 0.13589999675748504, 
                        "min": 0.0620000362396
                    }, 
                    "js+pypy-nojit": {
                        "max": 0.835999965668, 
                        "mean": 0.75920000076295, 
                        "min": 0.714000225067
                    }, 
                    "pypy": {
                        "max": 0.160591125488, 
                        "mean": 0.018256390094773, 
                        "min": 0.00681591033936
                    }, 
                    "pypy-nojit": {
                        "max": 0.475466966629, 
                        "mean": 0.43073920011514993, 
                        "min": 0.395934820175
                    }
                }, 
                "machine": "922174a8388e0a2f", 
                "platform": "darwin", 
                "timestamp": "20150211070159"
            }, 
            "fannkuch": {
                "engines": {
                    "cpython": {
                        "max": 1.43396282196, 
                        "mean": 1.376487040519, 
                        "min": 1.30780291557
                    }, 
                    "d8+pypy": {
                        "max": 16.7740001678, 
                        "mean": 1.75490001439815, 
                        "min": 0.608999967575
                    }, 
                    "d8+pypy-nojit": {
                        "max": 7.55500006676, 
                        "mean": 7.3265500068675, 
                        "min": 7.07800006866
                    }, 
                    "js+pypy": {
                        "max": 3.54600000381, 
                        "mean": 1.5873500108725, 
                        "min": 1.39599990845
                    }, 
                    "js+pypy-nojit": {
                        "max": 2.79699993134, 
                        "mean": 2.6480499982834997, 
                        "min": 2.5720000267
                    }, 
                    "pypy": {
                        "max": 0.249100923538, 
                        "mean": 0.17427631616580003, 
                        "min": 0.148499965668
                    }, 
                    "pypy-nojit": {
                        "max": 1.38735508919, 
                        "mean": 1.2980685591705, 
                        "min": 1.2759540081
                    }
                }, 
                "machine": "922174a8388e0a2f", 
                "platform": "darwin", 
                "timestamp": "20150211070159"
            }, 
            "float": {
                "engines": {
                    "cpython": {
                        "max": 0.40548491478, 
                        "mean": 0.36528263092034996, 
                        "min": 0.340305089951
                    }, 
                    "d8+pypy": {
                        "max": 0.772000074387, 
                        "mean": 0.15309998989110501, 
                        "min": 0.0889999866486
                    }, 
                    "d8+pypy-nojit": {
                        "max": 2.51200008392, 
                        "mean": 2.3486000061025, 
                        "min": 2.24000000954
                    }, 
                    "js+pypy": {
                        "max": 0.256999969482, 
                        "mean": 0.17394999265674999,