{
    "machine": "922174a8388e0a2f", 
    "misc": {
        "benchmarks": {
            "file_size_gz": {
                "engines": {
                    "pypy": {
                        "max": 4146022, 
                        "mean": 4146022.0, 
                        "min": 4146022
                    }, 
                    "pypy-nojit": {
                        "max": 2557788, 
                        "mean": 2557788.0, 
                        "min": 2557788
                    }
                }, 
                "machine": "922174a8388e0a2f", 
                "platform": "darwin", 
                "timestamp": "20150113203542"
            }, 
            "file_size_raw": {
                "engines": {
                    "pypy": {
                        "max": 22067048, 
                        "mean": 22067048.0, 
                        "min": 22067048
                    }, 
                    "pypy-nojit": {
                        "max": 13638890, 
                        "mean": 13638890.0, 
                        "min": 13638890
                    }
                }, 
                "machine": "922174a8388e0a2f", 
                "platform": "darwin", 
                "timestamp": "20150113203542"
            }, 
            "load_time": {
                "engines": {
                    "d8+pypy": {
                        "max": 2.061, 
                        "mean": 2.026, 
                        "min": 2.026
                    }, 
                    "d8+pypy-nojit": {
                        "max": 1.465, 
                        "mean": 1.451, 
                        "min": 1.451
                    }, 
                    "js+pypy": {
                        "max": 2.908, 
                        "mean": 2.665, 
                        "min": 2.665
                    }, 
                    "js+pypy-nojit": {
                        "max": 1.841, 
                        "mean": 1.786, 
                        "min": 1.786
                    }
                }, 
                "machine": "922174a8388e0a2f", 
                "platform": "darwin", 
                "timestamp": "20150113203542"
            }, 
            "pystone": {
                "engines": {
                    "cpython": {
                        "max": 134673.967791, 
                        "mean": 123812.68585650001, 
                        "min": 114293.551558
                    }, 
                    "d8+pypy": {
                        "max": 675674.578499, 
                        "mean": 414743.9262118501, 
                        "min": 17205.781741
                    }, 
                    "d8+pypy-nojit": {
                        "max": 12722.6468662, 
                        "mean": 11495.750589094001, 
                        "min": 7498.50031924
                    }, 
                    "js+pypy": {
                        "max": 467289.228171, 
                        "mean": 373909.09059707995, 
                        "min": 80385.8548015
                    }, 
                    "js+pypy-nojit": {
                        "max": 39215.6760081, 
                        "mean": 37122.10644791, 
                        "min": 36153.2864093
                    }, 
                    "pypy": {
                        "max": 3627663.03408, 
                        "mean": 2699563.3649635, 
                        "min": 929939.028446
                    }, 
                    "pypy-nojit": {
                        "max": 75441.1928701, 
                        "mean": 69311.55150606002, 
                        "min": 67756.7486097
                    }
                }, 
                "machine": "922174a8388e0a2f", 
                "platform": "darwin", 
                "timestamp": "20150113203542"
            }
        }
    }, 
    "platform": "darwin", 
    "py": {
        "benchmarks": {
            "chaos": {
                "engines": {
                    "cpython": {
                        "max": 0.327213048935, 
                        "mean": 0.28833793401710006, 
                        "min": 0.269256830215
                    }, 
                    "d8+pypy": {
                        "max": 2.49300003052, 
                        "mean": 0.29334998130821, 
                        "min": 0.0450000762939
                    }, 
                    "d8+pypy-nojit": {
                        "max": 2.06999993324, 
                        "mean": 1.9015999913204997, 
                        "min": 1.80400013924
                    }, 
                    "js+pypy": {
                        "max": 0.765000104904, 
                        "mean": 0.13644999265669003, 
                        "min": 0.0679998397827
                    }, 
                    "js+pypy-nojit": {
                        "max": 0.845999956131, 
                        "mean": 0.7628000020981001, 
                        "min": 0.729000091553
                    }, 
                    "pypy": {
                        "max": 0.180697917938, 
                        "mean": 0.017188549041740494, 
                        "min": 0.0068199634552
                    }, 
                    "pypy-nojit": {
                        "max": 0.491744995117, 
                        "mean": 0.41930787563315003, 
                        "min": 0.392522096634
                    }
                }, 
                "machine": "922174a8388e0a2f", 
                "platform": "darwin", 
                "timestamp": "20150202005200"
            }, 
            "fannkuch": {
                "engines": {
                    "cpython": {
                        "max": 1.43728899956, 
                        "mean": 1.3247938752180004, 
                        "min": 1.2679169178
                    }, 
                    "d8+pypy": {
                        "max": 13.8890001774, 
                        "mean": 1.5924999952297503, 
                        "min": 0.677000045776
                    }, 
                    "d8+pypy-nojit": {
                        "max": 7.62400007248, 
                        "mean": 7.389049994945499, 
                        "min": 7.23699998856
                    }, 
                    "js+pypy": {
                        "max": 3.48399996758, 
                        "mean": 1.581450009346, 
                        "min": 1.37599992752
                    }, 
                    "js+pypy-nojit": {
                        "max": 2.75200009346, 
                        "mean": 2.536900007725, 
                        "min": 2.44000005722
                    }, 
                    "pypy": {
                        "max": 0.243193864822, 
                        "mean": 0.17272886037825003, 
                        "min": 0.154651165009
                    }, 
                    "pypy-nojit": {
                        "max": 1.44294500351, 
                        "mean": 1.3103186488155, 
                        "min": 1.24789881706
                    }
                }, 
                "machine": "922174a8388e0a2f", 
                "platform": "darwin", 
                "timestamp": "20150202005200"
            }, 
            "float": {
                "engines": {
                    "cpython": {
                        "max": 0.390837907791, 
                        "mean": 0.34718072414405, 
                        "min": 0.323776006699
                    }, 
                    "d8+pypy": {
                        "max": 0.924999952316, 
                        "mean": 0.16194998025885, 
                        "min": 0.0929999351501
                    }, 
                    "d8+pypy-nojit": {
                        "max": 2.69099998474, 
                        "mean": 2.2685999989509997, 
                        "min": 2.15799999237
                    }, 
                    "js+pypy": {
                        "max": 0.266999959946,