{
    "machine": "922174a8388e0a2f", 
    "misc": {
        "benchmarks": {
            "file_size_gz": {
                "engines": {
                    "pypy": {
                        "max": 4146022, 
                        "mean": 4146022.0, 
                        "min": 4146022
                    }, 
                    "pypy-nojit": {
                        "max": 2557788, 
                        "mean": 2557788.0, 
                        "min": 2557788
                    }
                }, 
                "machine": "922174a8388e0a2f", 
                "platform": "darwin", 
                "timestamp": "20150113203542"
            }, 
            "file_size_raw": {
                "engines": {
                    "pypy": {
                        "max": 22067048, 
                        "mean": 22067048.0, 
                        "min": 22067048
                    }, 
                    "pypy-nojit": {
                        "max": 13638890, 
                        "mean": 13638890.0, 
                        "min": 13638890
                    }
                }, 
                "machine": "922174a8388e0a2f", 
                "platform": "darwin", 
                "timestamp": "20150113203542"
            }, 
            "load_time": {
                "engines": {
                    "d8+pypy": {
                        "max": 2.061, 
                        "mean": 2.026, 
                        "min": 2.026
                    }, 
                    "d8+pypy-nojit": {
                        "max": 1.465, 
                        "mean": 1.451, 
                        "min": 1.451
                    }, 
                    "js+pypy": {
                        "max": 2.908, 
                        "mean": 2.665, 
                        "min": 2.665
                    }, 
                    "js+pypy-nojit": {
                        "max": 1.841, 
                        "mean": 1.786, 
                        "min": 1.786
                    }
                }, 
                "machine": "922174a8388e0a2f", 
                "platform": "darwin", 
                "timestamp": "20150113203542"
            }, 
            "pystone": {
                "engines": {
                    "cpython": {
                        "max": 134673.967791, 
                        "mean": 123812.68585650001, 
                        "min": 114293.551558
                    }, 
                    "d8+pypy": {
                        "max": 675674.578499, 
                        "mean": 414743.9262118501, 
                        "min": 17205.781741
                    }, 
                    "d8+pypy-nojit": {
                        "max": 12722.6468662, 
                        "mean": 11495.750589094001, 
                        "min": 7498.50031924
                    }, 
                    "js+pypy": {
                        "max": 467289.228171, 
                        "mean": 373909.09059707995, 
                        "min": 80385.8548015
                    }, 
                    "js+pypy-nojit": {
                        "max": 39215.6760081, 
                        "mean": 37122.10644791, 
                        "min": 36153.2864093
                    }, 
                    "pypy": {
                        "max": 3627663.03408, 
                        "mean": 2699563.3649635, 
                        "min": 929939.028446
                    }, 
                    "pypy-nojit": {
                        "max": 75441.1928701, 
                        "mean": 69311.55150606002, 
                        "min": 67756.7486097
                    }
                }, 
                "machine": "922174a8388e0a2f", 
                "platform": "darwin", 
                "timestamp": "20150113203542"
            }
        }
    }, 
    "platform": "darwin", 
    "py": {
        "benchmarks": {
            "chaos": {
                "engines": {
                    "cpython": {
                        "max": 0.301044940948, 
                        "mean": 0.27216876745225005, 
                        "min": 0.25488615036
                    }, 
                    "d8+pypy": {
                        "max": 2.66100001335, 
                        "mean": 0.32779999971419993, 
                        "min": 0.0360000133514
                    }, 
                    "d8+pypy-nojit": {
                        "max": 1.95100021362, 
                        "mean": 1.7565499901765, 
                        "min": 1.70999979973
                    }, 
                    "js+pypy": {
                        "max": 0.707999944687, 
                        "mean": 0.12955000400544503, 
                        "min": 0.0609998703003
                    }, 
                    "js+pypy-nojit": {
                        "max": 0.836999893188, 
                        "mean": 0.7278999924659001, 
                        "min": 0.692000150681
                    }, 
                    "pypy": {
                        "max": 0.158330202103, 
                        "mean": 0.017061471939080003, 
                        "min": 0.00677394866943
                    }, 
                    "pypy-nojit": {
                        "max": 0.446563005447, 
                        "mean": 0.4041381716728, 
                        "min": 0.379052877426
                    }
                }, 
                "machine": "922174a8388e0a2f", 
                "platform": "darwin", 
                "timestamp": "20150217020158"
            }, 
            "fannkuch": {
                "engines": {
                    "cpython": {
                        "max": 1.62785005569, 
                        "mean": 1.2735072016715, 
                        "min": 1.22053599358
                    }, 
                    "d8+pypy": {
                        "max": 15.7160000801, 
                        "mean": 1.63120000362415, 
                        "min": 0.56500005722
                    }, 
                    "d8+pypy-nojit": {
                        "max": 7.90899991989, 
                        "mean": 6.937400007249002, 
                        "min": 6.83299994469
                    }, 
                    "js+pypy": {
                        "max": 3.9889998436, 
                        "mean": 1.4866999983800002, 
                        "min": 1.30799984932
                    }, 
                    "js+pypy-nojit": {
                        "max": 2.51600003242, 
                        "mean": 2.370449995995, 
                        "min": 2.31699991226
                    }, 
                    "pypy": {
                        "max": 0.233090877533, 
                        "mean": 0.1651339769363, 
                        "min": 0.146450042725
                    }, 
                    "pypy-nojit": {
                        "max": 1.36206698418, 
                        "mean": 1.2434854030604998, 
                        "min": 1.20899796486
                    }
                }, 
                "machine": "922174a8388e0a2f", 
                "platform": "darwin", 
                "timestamp": "20150217020158"
            }, 
            "float": {
                "engines": {
                    "cpython": {
                        "max": 0.359602928162, 
                        "mean": 0.334097111225, 
                        "min": 0.313042879105
                    }, 
                    "d8+pypy": {
                        "max": 0.715000152588, 
                        "mean": 0.15080001354223, 
                        "min": 0.0910000801086
                    }, 
                    "d8+pypy-nojit": {
                        "max": 2.38499999046, 
                        "mean": 2.1787999987599997, 
                        "min": 2.07799983025
                    }, 
                    "js+pypy": {
                        "max": 0.235000133514, 
                        "mean": 0.16050000190730002,