{
    "machine": "922174a8388e0a2f", 
    "misc": {
        "benchmarks": {
            "file_size_gz": {
                "engines": {
                    "pypy": {
                        "max": 4146022, 
                        "mean": 4146022.0, 
                        "min": 4146022
                    }, 
                    "pypy-nojit": {
                        "max": 2557788, 
                        "mean": 2557788.0, 
                        "min": 2557788
                    }
                }, 
                "machine": "922174a8388e0a2f", 
                "platform": "darwin", 
                "timestamp": "20150113203542"
            }, 
            "file_size_raw": {
                "engines": {
                    "pypy": {
                        "max": 22067048, 
                        "mean": 22067048.0, 
                        "min": 22067048
                    }, 
                    "pypy-nojit": {
                        "max": 13638890, 
                        "mean": 13638890.0, 
                        "min": 13638890
                    }
                }, 
                "machine": "922174a8388e0a2f", 
                "platform": "darwin", 
                "timestamp": "20150113203542"
            }, 
            "load_time": {
                "engines": {
                    "d8+pypy": {
                        "max": 2.061, 
                        "mean": 2.026, 
                        "min": 2.026
                    }, 
                    "d8+pypy-nojit": {
                        "max": 1.465, 
                        "mean": 1.451, 
                        "min": 1.451
                    }, 
                    "js+pypy": {
                        "max": 2.908, 
                        "mean": 2.665, 
                        "min": 2.665
                    }, 
                    "js+pypy-nojit": {
                        "max": 1.841, 
                        "mean": 1.786, 
                        "min": 1.786
                    }
                }, 
                "machine": "922174a8388e0a2f", 
                "platform": "darwin", 
                "timestamp": "20150113203542"
            }, 
            "pystone": {
                "engines": {
                    "cpython": {
                        "max": 134673.967791, 
                        "mean": 123812.68585650001, 
                        "min": 114293.551558
                    }, 
                    "d8+pypy": {
                        "max": 675674.578499, 
                        "mean": 414743.9262118501, 
                        "min": 17205.781741
                    }, 
                    "d8+pypy-nojit": {
                        "max": 12722.6468662, 
                        "mean": 11495.750589094001, 
                        "min": 7498.50031924
                    }, 
                    "js+pypy": {
                        "max": 467289.228171, 
                        "mean": 373909.09059707995, 
                        "min": 80385.8548015
                    }, 
                    "js+pypy-nojit": {
                        "max": 39215.6760081, 
                        "mean": 37122.10644791, 
                        "min": 36153.2864093
                    }, 
                    "pypy": {
                        "max": 3627663.03408, 
                        "mean": 2699563.3649635, 
                        "min": 929939.028446
                    }, 
                    "pypy-nojit": {
                        "max": 75441.1928701, 
                        "mean": 69311.55150606002, 
                        "min": 67756.7486097
                    }
                }, 
                "machine": "922174a8388e0a2f", 
                "platform": "darwin", 
                "timestamp": "20150113203542"
            }
        }
    }, 
    "platform": "darwin", 
    "py": {
        "benchmarks": {
            "chaos": {
                "engines": {
                    "cpython": {
                        "max": 0.341289043427, 
                        "mean": 0.2961853146553, 
                        "min": 0.269620895386
                    }, 
                    "d8+pypy": {
                        "max": 5.1740000248, 
                        "mean": 0.6428499937057599, 
                        "min": 0.0429999828339
                    }, 
                    "d8+pypy-nojit": {
                        "max": 2.09100008011, 
                        "mean": 1.9670499920839997, 
                        "min": 1.88899993896
                    }, 
                    "js+pypy": {
                        "max": 1.09800004959, 
                        "mean": 0.18695000410062507, 
                        "min": 0.0739998817444
                    }, 
                    "js+pypy-nojit": {
                        "max": 0.881999969482, 
                        "mean": 0.7883499979972499, 
                        "min": 0.740999937057
                    }, 
                    "pypy": {
                        "max": 0.158222913742, 
                        "mean": 0.019420933723443997, 
                        "min": 0.00692200660706
                    }, 
                    "pypy-nojit": {
                        "max": 0.488795042038, 
                        "mean": 0.4344341874123, 
                        "min": 0.412024974823
                    }
                }, 
                "machine": "922174a8388e0a2f", 
                "platform": "darwin", 
                "timestamp": "20150126201110"
            }, 
            "fannkuch": {
                "engines": {
                    "cpython": {
                        "max": 1.45623898506, 
                        "mean": 1.3843575835225, 
                        "min": 1.30776286125
                    }, 
                    "d8+pypy": {
                        "max": 47.2490000725, 
                        "mean": 3.9653500080112005, 
                        "min": 0.658000230789
                    }, 
                    "d8+pypy-nojit": {
                        "max": 7.80599999428, 
                        "mean": 7.573299992083998, 
                        "min": 7.39499998093
                    }, 
                    "js+pypy": {
                        "max": 5.74599981308, 
                        "mean": 1.7415500044824999, 
                        "min": 1.39299988747
                    }, 
                    "js+pypy-nojit": {
                        "max": 2.77800011635, 
                        "mean": 2.5973500013355, 
                        "min": 2.51099991798
                    }, 
                    "pypy": {
                        "max": 0.241006135941, 
                        "mean": 0.17744137048719996, 
                        "min": 0.152496814728
                    }, 
                    "pypy-nojit": {
                        "max": 1.39973592758, 
                        "mean": 1.3012518405915001, 
                        "min": 1.25102710724
                    }
                }, 
                "machine": "922174a8388e0a2f", 
                "platform": "darwin", 
                "timestamp": "20150126201110"
            }, 
            "float": {
                "engines": {
                    "cpython": {
                        "max": 0.399513959885, 
                        "mean": 0.3546828269958, 
                        "min": 0.332080841064
                    }, 
                    "d8+pypy": {
                        "max": 0.87700009346, 
                        "mean": 0.180849993228885, 
                        "min": 0.0920000076294
                    }, 
                    "d8+pypy-nojit": {
                        "max": 2.49300003052, 
                        "mean": 2.357700014115, 
                        "min": 2.23099994659
                    }, 
                    "js+pypy": {
                        "max": 0.266999959946, 
                        "mean": 0.18470000028619998,