{
    "machine": "922174a8388e0a2f", 
    "misc": {
        "benchmarks": {
            "file_size_gz": {
                "engines": {
                    "pypy": {
                        "max": 4146022, 
                        "mean": 4146022.0, 
                        "min": 4146022
                    }, 
                    "pypy-nojit": {
                        "max": 2557788, 
                        "mean": 2557788.0, 
                        "min": 2557788
                    }
                }, 
                "machine": "922174a8388e0a2f", 
                "timestamp": "20150113203542"
            }, 
            "file_size_raw": {
                "engines": {
                    "pypy": {
                        "max": 22067048, 
                        "mean": 22067048.0, 
                        "min": 22067048
                    }, 
                    "pypy-nojit": {
                        "max": 13638890, 
                        "mean": 13638890.0, 
                        "min": 13638890
                    }
                }, 
                "machine": "922174a8388e0a2f", 
                "timestamp": "20150113203542"
            }, 
            "load_time": {
                "engines": {
                    "d8+pypy": {
                        "max": 2.061, 
                        "mean": 2.026, 
                        "min": 2.026
                    }, 
                    "d8+pypy-nojit": {
                        "max": 1.465, 
                        "mean": 1.451, 
                        "min": 1.451
                    }, 
                    "js+pypy": {
                        "max": 2.908, 
                        "mean": 2.665, 
                        "min": 2.665
                    }, 
                    "js+pypy-nojit": {
                        "max": 1.841, 
                        "mean": 1.786, 
                        "min": 1.786
                    }
                }, 
                "machine": "922174a8388e0a2f", 
                "timestamp": "20150113203542"
            }, 
            "pystone": {
                "engines": {
                    "cpython": {
                        "max": 134673.967791, 
                        "mean": 123812.68585650001, 
                        "min": 114293.551558
                    }, 
                    "d8+pypy": {
                        "max": 675674.578499, 
                        "mean": 414743.9262118501, 
                        "min": 17205.781741
                    }, 
                    "d8+pypy-nojit": {
                        "max": 12722.6468662, 
                        "mean": 11495.750589094001, 
                        "min": 7498.50031924
                    }, 
                    "js+pypy": {
                        "max": 467289.228171, 
                        "mean": 373909.09059707995, 
                        "min": 80385.8548015
                    }, 
                    "js+pypy-nojit": {
                        "max": 39215.6760081, 
                        "mean": 37122.10644791, 
                        "min": 36153.2864093
                    }, 
                    "pypy": {
                        "max": 3627663.03408, 
                        "mean": 2699563.3649635, 
                        "min": 929939.028446
                    }, 
                    "pypy-nojit": {
                        "max": 75441.1928701, 
                        "mean": 69311.55150606002, 
                        "min": 67756.7486097
                    }
                }, 
                "machine": "922174a8388e0a2f", 
                "timestamp": "20150113203542"
            }
        }
    }, 
    "py": {
        "benchmarks": {
            "chaos": {
                "engines": {
                    "cpython": {
                        "max": 0.260929107666, 
                        "mean": 0.252899885178, 
                        "min": 0.252899885178
                    }, 
                    "d8+pypy": {
                        "max": 11.5039999485, 
                        "mean": 11.3680000305, 
                        "min": 11.3680000305
                    }, 
                    "d8+pypy-nojit": {
                        "max": 1.75499987602, 
                        "mean": 1.6779999733, 
                        "min": 1.6779999733
                    }, 
                    "js+pypy": {
                        "max": 2.98399996758, 
                        "mean": 2.94599986076, 
                        "min": 2.94599986076
                    }, 
                    "js+pypy-nojit": {
                        "max": 0.707999944687, 
                        "mean": 0.698999881744, 
                        "min": 0.698999881744
                    }, 
                    "pypy": {
                        "max": 0.127619028091, 
                        "mean": 0.121781110764, 
                        "min": 0.121781110764
                    }, 
                    "pypy-nojit": {
                        "max": 0.383170127869, 
                        "mean": 0.35671710968, 
                        "min": 0.35671710968
                    }
                }, 
                "machine": "922174a8388e0a2f", 
                "timestamp": "20150120021450"
            }, 
            "fannkuch": {
                "engines": {
                    "cpython": {
                        "max": 1.33788204193, 
                        "mean": 1.2190185189250005, 
                        "min": 1.17848396301
                    }, 
                    "d8+pypy": {
                        "max": 43.7619998455, 
                        "mean": 3.5944000005708503, 
                        "min": 0.586999893188
                    }, 
                    "d8+pypy-nojit": {
                        "max": 7.05099987984, 
                        "mean": 6.659700000286499, 
                        "min": 6.5689997673
                    }, 
                    "js+pypy": {
                        "max": 6.34200000763, 
                        "mean": 1.6056500077244997, 
                        "min": 1.21999979019
                    }, 
                    "js+pypy-nojit": {
                        "max": 2.53700017929, 
                        "mean": 2.3033500075334996, 
                        "min": 2.21099996567
                    }, 
                    "pypy": {
                        "max": 0.200564146042, 
                        "mean": 0.15514090061185, 
                        "min": 0.143537044525
                    }, 
                    "pypy-nojit": {
                        "max": 1.28182196617, 
                        "mean": 1.14457154274, 
                        "min": 1.1035888195
                    }
                }, 
                "machine": "922174a8388e0a2f", 
                "timestamp": "20150120021450"
            }, 
            "float": {
                "engines": {
                    "cpython": {
                        "max": 0.355844974518, 
                        "mean": 0.3202066898346999, 
                        "min": 0.300580978394
                    }, 
                    "d8+pypy": {
                        "max": 0.78200006485, 
                        "mean": 0.165099990367935, 
                        "min": 0.0820000171661
                    }, 
                    "d8+pypy-nojit": {
                        "max": 2.2460000515, 
                        "mean": 2.031900000573, 
                        "min": 1.95899987221
                    }, 
                    "js+pypy": {
                        "max": 0.27999997139, 
                        "mean": 0.16280000209815, 
                        "min": 0.131000041962
                    }, 
                    "js+pypy-nojit": {
                        "max": 0.903000116348, 
                        "mean": 0.8340499877930002, 
                        "min": 0.78200006485
                    },