{
    "machine": "922174a8388e0a2f", 
    "misc": {
        "benchmarks": {
            "file_size_gz": {
                "engines": {
                    "pypy": {
                        "max": 4146022, 
                        "mean": 4146022.0, 
                        "min": 4146022
                    }, 
                    "pypy-nojit": {
                        "max": 2557788, 
                        "mean": 2557788.0, 
                        "min": 2557788
                    }
                }, 
                "machine": "922174a8388e0a2f", 
                "platform": "darwin", 
                "timestamp": "20150113203542"
            }, 
            "file_size_raw": {
                "engines": {
                    "pypy": {
                        "max": 22067048, 
                        "mean": 22067048.0, 
                        "min": 22067048
                    }, 
                    "pypy-nojit": {
                        "max": 13638890, 
                        "mean": 13638890.0, 
                        "min": 13638890
                    }
                }, 
                "machine": "922174a8388e0a2f", 
                "platform": "darwin", 
                "timestamp": "20150113203542"
            }, 
            "load_time": {
                "engines": {
                    "d8+pypy": {
                        "max": 2.061, 
                        "mean": 2.026, 
                        "min": 2.026
                    }, 
                    "d8+pypy-nojit": {
                        "max": 1.465, 
                        "mean": 1.451, 
                        "min": 1.451
                    }, 
                    "js+pypy": {
                        "max": 2.908, 
                        "mean": 2.665, 
                        "min": 2.665
                    }, 
                    "js+pypy-nojit": {
                        "max": 1.841, 
                        "mean": 1.786, 
                        "min": 1.786
                    }
                }, 
                "machine": "922174a8388e0a2f", 
                "platform": "darwin", 
                "timestamp": "20150113203542"
            }, 
            "pystone": {
                "engines": {
                    "cpython": {
                        "max": 134673.967791, 
                        "mean": 123812.68585650001, 
                        "min": 114293.551558
                    }, 
                    "d8+pypy": {
                        "max": 675674.578499, 
                        "mean": 414743.9262118501, 
                        "min": 17205.781741
                    }, 
                    "d8+pypy-nojit": {
                        "max": 12722.6468662, 
                        "mean": 11495.750589094001, 
                        "min": 7498.50031924
                    }, 
                    "js+pypy": {
                        "max": 467289.228171, 
                        "mean": 373909.09059707995, 
                        "min": 80385.8548015
                    }, 
                    "js+pypy-nojit": {
                        "max": 39215.6760081, 
                        "mean": 37122.10644791, 
                        "min": 36153.2864093
                    }, 
                    "pypy": {
                        "max": 3627663.03408, 
                        "mean": 2699563.3649635, 
                        "min": 929939.028446
                    }, 
                    "pypy-nojit": {
                        "max": 75441.1928701, 
                        "mean": 69311.55150606002, 
                        "min": 67756.7486097
                    }
                }, 
                "machine": "922174a8388e0a2f", 
                "platform": "darwin", 
                "timestamp": "20150113203542"
            }
        }
    }, 
    "platform": "darwin", 
    "py": {
        "benchmarks": {
            "chaos": {
                "engines": {
                    "cpython": {
                        "max": 0.322488069534, 
                        "mean": 0.29071667194355, 
                        "min": 0.269300937653
                    }, 
                    "d8+pypy": {
                        "max": 4.18000006676, 
                        "mean": 0.543849992752215, 
                        "min": 0.0379998683929
                    }, 
                    "d8+pypy-nojit": {
                        "max": 1.94600009918, 
                        "mean": 1.861100006104, 
                        "min": 1.7990000248
                    }, 
                    "js+pypy": {
                        "max": 1.07800006866, 
                        "mean": 0.15900000333787007, 
                        "min": 0.0610001087189
                    }, 
                    "js+pypy-nojit": {
                        "max": 0.822000026703, 
                        "mean": 0.7529500007629499, 
                        "min": 0.719999790192
                    }, 
                    "pypy": {
                        "max": 0.154567956924, 
                        "mean": 0.017143249511733495, 
                        "min": 0.00676417350769
                    }, 
                    "pypy-nojit": {
                        "max": 0.450357913971, 
                        "mean": 0.4248281002044999, 
                        "min": 0.39697599411
                    }
                }, 
                "machine": "922174a8388e0a2f", 
                "platform": "darwin", 
                "timestamp": "20150130205653"
            }, 
            "fannkuch": {
                "engines": {
                    "cpython": {
                        "max": 1.45356106758, 
                        "mean": 1.3641638636589999, 
                        "min": 1.3002910614
                    }, 
                    "d8+pypy": {
                        "max": 41.5499999523, 
                        "mean": 3.5695000052435497, 
                        "min": 0.635999917984
                    }, 
                    "d8+pypy-nojit": {
                        "max": 7.84999990463, 
                        "mean": 7.6536000013365, 
                        "min": 7.51900005341
                    }, 
                    "js+pypy": {
                        "max": 5.22099995613, 
                        "mean": 1.6960999965669998, 
                        "min": 1.38599991798
                    }, 
                    "js+pypy-nojit": {
                        "max": 2.75499987602, 
                        "mean": 2.5246000051504995, 
                        "min": 2.44400000572
                    }, 
                    "pypy": {
                        "max": 0.249773025513, 
                        "mean": 0.17190772295004997, 
                        "min": 0.148681163788
                    }, 
                    "pypy-nojit": {
                        "max": 1.37460207939, 
                        "mean": 1.2953036069869999, 
                        "min": 1.23413610458
                    }
                }, 
                "machine": "922174a8388e0a2f", 
                "platform": "darwin", 
                "timestamp": "20150130205653"
            }, 
            "float": {
                "engines": {
                    "cpython": {
                        "max": 0.407781124115, 
                        "mean": 0.34500364065169997, 
                        "min": 0.319781064987
                    }, 
                    "d8+pypy": {
                        "max": 0.826000213623, 
                        "mean": 0.16194999217983003, 
                        "min": 0.0889999866486
                    }, 
                    "d8+pypy-nojit": {
                        "max": 2.49699997902, 
                        "mean": 2.2689499855045003, 
                        "min": 2.17499995232
                    }, 
                    "js+pypy": {
                        "max": 0.268000125885,