{
    "machine": "922174a8388e0a2f", 
    "misc": {
        "benchmarks": {
            "file_size_gz": {
                "engines": {
                    "pypy": {
                        "max": 4146022, 
                        "mean": 4146022.0, 
                        "min": 4146022
                    }, 
                    "pypy-nojit": {
                        "max": 2557788, 
                        "mean": 2557788.0, 
                        "min": 2557788
                    }
                }, 
                "machine": "922174a8388e0a2f", 
                "platform": "darwin", 
                "timestamp": "20150113203542"
            }, 
            "file_size_raw": {
                "engines": {
                    "pypy": {
                        "max": 22067048, 
                        "mean": 22067048.0, 
                        "min": 22067048
                    }, 
                    "pypy-nojit": {
                        "max": 13638890, 
                        "mean": 13638890.0, 
                        "min": 13638890
                    }
                }, 
                "machine": "922174a8388e0a2f", 
                "platform": "darwin", 
                "timestamp": "20150113203542"
            }, 
            "load_time": {
                "engines": {
                    "d8+pypy": {
                        "max": 2.061, 
                        "mean": 2.026, 
                        "min": 2.026
                    }, 
                    "d8+pypy-nojit": {
                        "max": 1.465, 
                        "mean": 1.451, 
                        "min": 1.451
                    }, 
                    "js+pypy": {
                        "max": 2.908, 
                        "mean": 2.665, 
                        "min": 2.665
                    }, 
                    "js+pypy-nojit": {
                        "max": 1.841, 
                        "mean": 1.786, 
                        "min": 1.786
                    }
                }, 
                "machine": "922174a8388e0a2f", 
                "platform": "darwin", 
                "timestamp": "20150113203542"
            }, 
            "pystone": {
                "engines": {
                    "cpython": {
                        "max": 134673.967791, 
                        "mean": 123812.68585650001, 
                        "min": 114293.551558
                    }, 
                    "d8+pypy": {
                        "max": 675674.578499, 
                        "mean": 414743.9262118501, 
                        "min": 17205.781741
                    }, 
                    "d8+pypy-nojit": {
                        "max": 12722.6468662, 
                        "mean": 11495.750589094001, 
                        "min": 7498.50031924
                    }, 
                    "js+pypy": {
                        "max": 467289.228171, 
                        "mean": 373909.09059707995, 
                        "min": 80385.8548015
                    }, 
                    "js+pypy-nojit": {
                        "max": 39215.6760081, 
                        "mean": 37122.10644791, 
                        "min": 36153.2864093
                    }, 
                    "pypy": {
                        "max": 3627663.03408, 
                        "mean": 2699563.3649635, 
                        "min": 929939.028446
                    }, 
                    "pypy-nojit": {
                        "max": 75441.1928701, 
                        "mean": 69311.55150606002, 
                        "min": 67756.7486097
                    }
                }, 
                "machine": "922174a8388e0a2f", 
                "platform": "darwin", 
                "timestamp": "20150113203542"
            }
        }
    }, 
    "platform": "darwin", 
    "py": {
        "benchmarks": {
            "chaos": {
                "engines": {
                    "cpython": {
                        "max": 0.338896036148, 
                        "mean": 0.25787568092335, 
                        "min": 0.241255998611
                    }, 
                    "d8+pypy": {
                        "max": 4.43899989128, 
                        "mean": 0.5492500066754201, 
                        "min": 0.039999961853
                    }, 
                    "d8+pypy-nojit": {
                        "max": 1.67100000381, 
                        "mean": 1.6047999978064997, 
                        "min": 1.56799983978
                    }, 
                    "js+pypy": {
                        "max": 0.934000015259, 
                        "mean": 0.15674999952310997, 
                        "min": 0.0659999847412
                    }, 
                    "js+pypy-nojit": {
                        "max": 0.789999961853, 
                        "mean": 0.6789499998092999, 
                        "min": 0.642000198364
                    }, 
                    "pypy": {
                        "max": 0.157207012177, 
                        "mean": 0.016166353225701497, 
                        "min": 0.00672197341919
                    }, 
                    "pypy-nojit": {
                        "max": 0.402899980545, 
                        "mean": 0.37036207914355, 
                        "min": 0.350805997849
                    }
                }, 
                "machine": "922174a8388e0a2f", 
                "platform": "darwin", 
                "timestamp": "20150122012852"
            }, 
            "fannkuch": {
                "engines": {
                    "cpython": {
                        "max": 1.35512113571, 
                        "mean": 1.2006924629215, 
                        "min": 1.15706992149
                    }, 
                    "d8+pypy": {
                        "max": 41.8580000401, 
                        "mean": 3.4914499998107984, 
                        "min": 0.585000038147
                    }, 
                    "d8+pypy-nojit": {
                        "max": 6.83500003815, 
                        "mean": 6.603050005436001, 
                        "min": 6.51200008392
                    }, 
                    "js+pypy": {
                        "max": 4.99000000954, 
                        "mean": 1.5331499934190003, 
                        "min": 1.24799990654
                    }, 
                    "js+pypy-nojit": {
                        "max": 2.42000007629, 
                        "mean": 2.2681499958035, 
                        "min": 2.22899985313
                    }, 
                    "pypy": {
                        "max": 0.226236104965, 
                        "mean": 0.15343103408820002, 
                        "min": 0.142025947571
                    }, 
                    "pypy-nojit": {
                        "max": 1.2280960083, 
                        "mean": 1.1404197812084997, 
                        "min": 1.10313606262
                    }
                }, 
                "machine": "922174a8388e0a2f", 
                "platform": "darwin", 
                "timestamp": "20150122012852"
            }, 
            "float": {
                "engines": {
                    "cpython": {
                        "max": 0.395843982697, 
                        "mean": 0.31816135644919996, 
                        "min": 0.291473150253
                    }, 
                    "d8+pypy": {
                        "max": 0.733000040054, 
                        "mean": 0.15505000352856, 
                        "min": 0.0829999446869
                    }, 
                    "d8+pypy-nojit": {
                        "max": 2.27600002289, 
                        "mean": 2.0563000082969998, 
                        "min": 1.95300006866
                    }, 
                    "js+pypy": {
                        "max": 0.233000040054,